OBJECTID,lat,long,monthave,date,site,name,month,day,year,dateorig,doy
1,39.0561,-95.1907,0.046140797,2007-2-15T00:00:00.000Z,US-KFS,Kansas Field Station,2,15,2007,2/15/2007 0:00,46
2,39.0561,-95.1907,0.142992586,2007-3-15T00:00:00.000Z,US-KFS,Kansas Field Station,3,15,2007,3/15/2007 0:00,74
3,39.0561,-95.1907,0.343039632,2007-4-15T00:00:00.000Z,US-KFS,Kansas Field Station,4,15,2007,4/15/2007 0:00,105
4,39.0561,-95.1907,0.521345437,2007-5-15T00:00:00.000Z,US-KFS,Kansas Field Station,5,15,2007,5/15/2007 0:00,135
5,39.0561,-95.1907,0.610345364,2007-6-15T00:00:00.000Z,US-KFS,Kansas Field Station,6,15,2007,6/15/2007 0:00,166
6,39.0561,-95.1907,0.756416023,2007-7-15T00:00:00.000Z,US-KFS,Kansas Field Station,7,15,2007,7/15/2007 0:00,196
7,39.0561,-95.1907,0.641121328,2007-8-15T00:00:00.000Z,US-KFS,Kansas Field Station,8,15,2007,8/15/2007 0:00,227
8,39.0561,-95.1907,0.635895133,2007-9-15T00:00:00.000Z,US-KFS,Kansas Field Station,9,15,2007,9/15/2007 0:00,258
9,39.0561,-95.1907,0.245653063,2007-10-15T00:00:00.000Z,US-KFS,Kansas Field Station,10,15,2007,10/15/2007 0:00,288
10,39.0561,-95.1907,0.138653487,2007-11-15T00:00:00.000Z,US-KFS,Kansas Field Station,11,15,2007,11/15/2007 0:00,319
11,39.0561,-95.1907,0.070001878,2008-1-15T00:00:00.000Z,US-KFS,Kansas Field Station,1,15,2008,1/15/2008 0:00,15
12,39.0561,-95.1907,0.231400415,2008-4-15T00:00:00.000Z,US-KFS,Kansas Field Station,4,15,2008,4/15/2008 0:00,106
13,39.0561,-95.1907,0.576989591,2008-5-15T00:00:00.000Z,US-KFS,Kansas Field Station,5,15,2008,5/15/2008 0:00,136
14,39.0561,-95.1907,0.797935307,2008-6-15T00:00:00.000Z,US-KFS,Kansas Field Station,6,15,2008,6/15/2008 0:00,167
15,39.0561,-95.1907,0.942385495,2008-7-15T00:00:00.000Z,US-KFS,Kansas Field Station,7,15,2008,7/15/2008 0:00,197
16,39.0561,-95.1907,0.60491848,2008-8-15T00:00:00.000Z,US-KFS,Kansas Field Station,8,15,2008,8/15/2008 0:00,228
17,39.0561,-95.1907,0.487277597,2008-9-15T00:00:00.000Z,US-KFS,Kansas Field Station,9,15,2008,9/15/2008 0:00,259
18,39.0561,-95.1907,0.199592963,2008-10-15T00:00:00.000Z,US-KFS,Kansas Field Station,10,15,2008,10/15/2008 0:00,289
19,39.0561,-95.1907,0.056494653,2008-11-15T00:00:00.000Z,US-KFS,Kansas Field Station,11,15,2008,11/15/2008 0:00,320
20,39.0561,-95.1907,0.067560494,2008-12-15T00:00:00.000Z,US-KFS,Kansas Field Station,12,15,2008,12/15/2008 0:00,350
21,39.0561,-95.1907,0.107194237,2009-1-15T00:00:00.000Z,US-KFS,Kansas Field Station,1,15,2009,1/15/2009 0:00,15
22,39.0561,-95.1907,0.046602901,2009-2-15T00:00:00.000Z,US-KFS,Kansas Field Station,2,15,2009,2/15/2009 0:00,46
23,39.0561,-95.1907,0.085741989,2009-3-15T00:00:00.000Z,US-KFS,Kansas Field Station,3,15,2009,3/15/2009 0:00,74
24,39.0561,-95.1907,0.194216087,2009-4-15T00:00:00.000Z,US-KFS,Kansas Field Station,4,15,2009,4/15/2009 0:00,105
25,39.0561,-95.1907,0.671997607,2009-5-15T00:00:00.000Z,US-KFS,Kansas Field Station,5,15,2009,5/15/2009 0:00,135
26,39.0561,-95.1907,0.775831401,2009-6-15T00:00:00.000Z,US-KFS,Kansas Field Station,6,15,2009,6/15/2009 0:00,166
27,39.0561,-95.1907,0.784290195,2009-7-15T00:00:00.000Z,US-KFS,Kansas Field Station,7,15,2009,7/15/2009 0:00,196
28,39.0561,-95.1907,0.870193481,2009-8-15T00:00:00.000Z,US-KFS,Kansas Field Station,8,15,2009,8/15/2009 0:00,227
29,39.0561,-95.1907,0.40686813,2009-9-15T00:00:00.000Z,US-KFS,Kansas Field Station,9,15,2009,9/15/2009 0:00,258
30,39.0561,-95.1907,0.152623415,2009-10-15T00:00:00.000Z,US-KFS,Kansas Field Station,10,15,2009,10/15/2009 0:00,288
31,39.0561,-95.1907,0.110819191,2009-11-15T00:00:00.000Z,US-KFS,Kansas Field Station,11,15,2009,11/15/2009 0:00,319
32,39.0561,-95.1907,0.046791032,2009-12-15T00:00:00.000Z,US-KFS,Kansas Field Station,12,15,2009,12/15/2009 0:00,349
33,39.0561,-95.1907,0.026732499,2010-1-15T00:00:00.000Z,US-KFS,Kansas Field Station,1,15,2010,1/15/2010 0:00,15
34,39.0561,-95.1907,0.199179769,2010-3-15T00:00:00.000Z,US-KFS,Kansas Field Station,3,15,2010,3/15/2010 0:00,74
35,39.0561,-95.1907,0.408813596,2010-4-15T00:00:00.000Z,US-KFS,Kansas Field Station,4,15,2010,4/15/2010 0:00,105
36,39.0561,-95.1907,0.611437142,2010-5-15T00:00:00.000Z,US-KFS,Kansas Field Station,5,15,2010,5/15/2010 0:00,135
37,39.0561,-95.1907,0.656139493,2010-6-15T00:00:00.000Z,US-KFS,Kansas Field Station,6,15,2010,6/15/2010 0:00,166
38,39.0561,-95.1907,0.861117005,2010-7-15T00:00:00.000Z,US-KFS,Kansas Field Station,7,15,2010,7/15/2010 0:00,196
39,39.0561,-95.1907,0.591881156,2010-8-15T00:00:00.000Z,US-KFS,Kansas Field Station,8,15,2010,8/15/2010 0:00,227
40,39.0561,-95.1907,0.437493056,2010-9-15T00:00:00.000Z,US-KFS,Kansas Field Station,9,15,2010,9/15/2010 0:00,258
41,39.0561,-95.1907,0.267618388,2010-10-15T00:00:00.000Z,US-KFS,Kansas Field Station,10,15,2010,10/15/2010 0:00,288
42,39.0561,-95.1907,0.074502766,2010-11-15T00:00:00.000Z,US-KFS,Kansas Field Station,11,15,2010,11/15/2010 0:00,319
43,39.0561,-95.1907,0.041946311,2011-3-15T00:00:00.000Z,US-KFS,Kansas Field Station,3,15,2011,3/15/2011 0:00,74
44,39.0561,-95.1907,0.459375113,2011-4-15T00:00:00.000Z,US-KFS,Kansas Field Station,4,15,2011,4/15/2011 0:00,105
45,39.0561,-95.1907,0.594597697,2011-5-15T00:00:00.000Z,US-KFS,Kansas Field Station,5,15,2011,5/15/2011 0:00,135
46,39.0561,-95.1907,0.814309001,2011-6-15T00:00:00.000Z,US-KFS,Kansas Field Station,6,15,2011,6/15/2011 0:00,166
47,39.0561,-95.1907,0.932230949,2011-7-15T00:00:00.000Z,US-KFS,Kansas Field Station,7,15,2011,7/15/2011 0:00,196
48,39.0561,-95.1907,0.775738001,2011-8-15T00:00:00.000Z,US-KFS,Kansas Field Station,8,15,2011,8/15/2011 0:00,227
49,39.0561,-95.1907,0.391228765,2011-9-15T00:00:00.000Z,US-KFS,Kansas Field Station,9,15,2011,9/15/2011 0:00,258
50,39.0561,-95.1907,0.228102282,2011-10-15T00:00:00.000Z,US-KFS,Kansas Field Station,10,15,2011,10/15/2011 0:00,288
51,39.0561,-95.1907,0.016846655,2011-11-15T00:00:00.000Z,US-KFS,Kansas Field Station,11,15,2011,11/15/2011 0:00,319
52,39.0561,-95.1907,0.046950068,2011-12-15T00:00:00.000Z,US-KFS,Kansas Field Station,12,15,2011,12/15/2011 0:00,349
53,39.0561,-95.1907,0.042617515,2012-2-15T00:00:00.000Z,US-KFS,Kansas Field Station,2,15,2012,2/15/2012 0:00,46
54,39.0561,-95.1907,0.059026793,2012-3-15T00:00:00.000Z,US-KFS,Kansas Field Station,3,15,2012,3/15/2012 0:00,75
55,39.0561,-95.1907,0.459718436,2012-4-15T00:00:00.000Z,US-KFS,Kansas Field Station,4,15,2012,4/15/2012 0:00,106
56,39.0561,-95.1907,0.662597418,2012-5-15T00:00:00.000Z,US-KFS,Kansas Field Station,5,15,2012,5/15/2012 0:00,136
57,39.0561,-95.1907,0.580968797,2012-6-15T00:00:00.000Z,US-KFS,Kansas Field Station,6,15,2012,6/15/2012 0:00,167
58,39.0561,-95.1907,0.502594471,2012-7-15T00:00:00.000Z,US-KFS,Kansas Field Station,7,15,2012,7/15/2012 0:00,197
59,39.0561,-95.1907,0.372689009,2012-8-15T00:00:00.000Z,US-KFS,Kansas Field Station,8,15,2012,8/15/2012 0:00,228
60,39.0561,-95.1907,0.404202878,2012-9-15T00:00:00.000Z,US-KFS,Kansas Field Station,9,15,2012,9/15/2012 0:00,259
61,39.0561,-95.1907,0.13359578,2012-10-15T00:00:00.000Z,US-KFS,Kansas Field Station,10,15,2012,10/15/2012 0:00,289
62,39.0561,-95.1907,0.065643296,2012-11-15T00:00:00.000Z,US-KFS,Kansas Field Station,11,15,2012,11/15/2012 0:00,320
63,39.0561,-95.1907,0.009016994,2013-1-15T00:00:00.000Z,US-KFS,Kansas Field Station,1,15,2013,1/15/2013 0:00,15
64,39.0561,-95.1907,0.026699508,2013-2-15T00:00:00.000Z,US-KFS,Kansas Field Station,2,15,2013,2/15/2013 0:00,46
65,39.0561,-95.1907,0.180497691,2013-3-15T00:00:00.000Z,US-KFS,Kansas Field Station,3,15,2013,3/15/2013 0:00,74
66,39.0561,-95.1907,0.216907844,2013-4-15T00:00:00.000Z,US-KFS,Kansas Field Station,4,15,2013,4/15/2013 0:00,105
67,39.0561,-95.1907,0.67168951,2013-5-15T00:00:00.000Z,US-KFS,Kansas Field Station,5,15,2013,5/15/2013 0:00,135
68,39.0561,-95.1907,0.662044227,2013-6-15T00:00:00.000Z,US-KFS,Kansas Field Station,6,15,2013,6/15/2013 0:00,166
69,39.0561,-95.1907,0.653857291,2013-7-15T00:00:00.000Z,US-KFS,Kansas Field Station,7,15,2013,7/15/2013 0:00,196
70,39.0561,-95.1907,0.631951213,2013-8-15T00:00:00.000Z,US-KFS,Kansas Field Station,8,15,2013,8/15/2013 0:00,227
71,39.0561,-95.1907,0.447961718,2013-9-15T00:00:00.000Z,US-KFS,Kansas Field Station,9,15,2013,9/15/2013 0:00,258
72,39.0561,-95.1907,0.268998563,2013-10-15T00:00:00.000Z,US-KFS,Kansas Field Station,10,15,2013,10/15/2013 0:00,288
73,39.0561,-95.1907,0.12773867,2013-11-15T00:00:00.000Z,US-KFS,Kansas Field Station,11,15,2013,11/15/2013 0:00,319
74,39.0561,-95.1907,0.068026803,2013-12-15T00:00:00.000Z,US-KFS,Kansas Field Station,12,15,2013,12/15/2013 0:00,349
75,39.0561,-95.1907,0.015395559,2014-1-15T00:00:00.000Z,US-KFS,Kansas Field Station,1,15,2014,1/15/2014 0:00,15
76,39.0561,-95.1907,0.029471904,2014-2-15T00:00:00.000Z,US-KFS,Kansas Field Station,2,15,2014,2/15/2014 0:00,46
77,39.0561,-95.1907,0.086543776,2014-3-15T00:00:00.000Z,US-KFS,Kansas Field Station,3,15,2014,3/15/2014 0:00,74
78,39.0561,-95.1907,0.194545299,2014-4-15T00:00:00.000Z,US-KFS,Kansas Field Station,4,15,2014,4/15/2014 0:00,105
79,39.0561,-95.1907,0.451604396,2014-5-15T00:00:00.000Z,US-KFS,Kansas Field Station,5,15,2014,5/15/2014 0:00,135
80,39.0561,-95.1907,0.869071782,2014-6-15T00:00:00.000Z,US-KFS,Kansas Field Station,6,15,2014,6/15/2014 0:00,166
81,39.0561,-95.1907,0.912702799,2014-7-15T00:00:00.000Z,US-KFS,Kansas Field Station,7,15,2014,7/15/2014 0:00,196
82,39.0561,-95.1907,0.431868702,2014-8-15T00:00:00.000Z,US-KFS,Kansas Field Station,8,15,2014,8/15/2014 0:00,227
83,39.0561,-95.1907,0.317251503,2014-9-15T00:00:00.000Z,US-KFS,Kansas Field Station,9,15,2014,9/15/2014 0:00,258
84,39.0561,-95.1907,0.236518592,2014-10-15T00:00:00.000Z,US-KFS,Kansas Field Station,10,15,2014,10/15/2014 0:00,288
85,39.0561,-95.1907,0.093391731,2014-11-15T00:00:00.000Z,US-KFS,Kansas Field Station,11,15,2014,11/15/2014 0:00,319
86,39.0561,-95.1907,0.015534045,2014-12-15T00:00:00.000Z,US-KFS,Kansas Field Station,12,15,2014,12/15/2014 0:00,349
87,39.0561,-95.1907,0.071531795,2015-1-15T00:00:00.000Z,US-KFS,Kansas Field Station,1,15,2015,1/15/2015 0:00,15
88,39.0561,-95.1907,0.128333479,2015-2-15T00:00:00.000Z,US-KFS,Kansas Field Station,2,15,2015,2/15/2015 0:00,46
89,39.0561,-95.1907,0.063430458,2015-3-15T00:00:00.000Z,US-KFS,Kansas Field Station,3,15,2015,3/15/2015 0:00,74
90,39.0561,-95.1907,0.22954829,2015-4-15T00:00:00.000Z,US-KFS,Kansas Field Station,4,15,2015,4/15/2015 0:00,105
91,39.0561,-95.1907,0.708132505,2015-5-15T00:00:00.000Z,US-KFS,Kansas Field Station,5,15,2015,5/15/2015 0:00,135
92,39.0561,-95.1907,0.61702013,2015-6-15T00:00:00.000Z,US-KFS,Kansas Field Station,6,15,2015,6/15/2015 0:00,166
93,39.0561,-95.1907,0.610448003,2015-7-15T00:00:00.000Z,US-KFS,Kansas Field Station,7,15,2015,7/15/2015 0:00,196
94,39.0561,-95.1907,0.625365853,2015-8-15T00:00:00.000Z,US-KFS,Kansas Field Station,8,15,2015,8/15/2015 0:00,227
95,39.0561,-95.1907,0.431004494,2015-9-15T00:00:00.000Z,US-KFS,Kansas Field Station,9,15,2015,9/15/2015 0:00,258
96,39.0561,-95.1907,0.25828141,2015-10-15T00:00:00.000Z,US-KFS,Kansas Field Station,10,15,2015,10/15/2015 0:00,288
97,39.0561,-95.1907,0.096600533,2015-11-15T00:00:00.000Z,US-KFS,Kansas Field Station,11,15,2015,11/15/2015 0:00,319
98,39.0561,-95.1907,0.091130584,2015-12-15T00:00:00.000Z,US-KFS,Kansas Field Station,12,15,2015,12/15/2015 0:00,349
99,39.0561,-95.1907,0.031476092,2016-1-15T00:00:00.000Z,US-KFS,Kansas Field Station,1,15,2016,1/15/2016 0:00,15
100,39.0561,-95.1907,0.130238041,2016-2-15T00:00:00.000Z,US-KFS,Kansas Field Station,2,15,2016,2/15/2016 0:00,46
101,39.0561,-95.1907,0.106215671,2016-3-15T00:00:00.000Z,US-KFS,Kansas Field Station,3,15,2016,3/15/2016 0:00,75
102,39.0561,-95.1907,0.119047128,2016-4-15T00:00:00.000Z,US-KFS,Kansas Field Station,4,15,2016,4/15/2016 0:00,106
103,39.0561,-95.1907,0.513437629,2016-5-15T00:00:00.000Z,US-KFS,Kansas Field Station,5,15,2016,5/15/2016 0:00,136
104,39.0561,-95.1907,0.552380085,2016-6-15T00:00:00.000Z,US-KFS,Kansas Field Station,6,15,2016,6/15/2016 0:00,167
105,39.0561,-95.1907,0.724078357,2016-7-15T00:00:00.000Z,US-KFS,Kansas Field Station,7,15,2016,7/15/2016 0:00,197
106,39.0561,-95.1907,0.600861788,2016-8-15T00:00:00.000Z,US-KFS,Kansas Field Station,8,15,2016,8/15/2016 0:00,228
107,39.0561,-95.1907,0.422205359,2016-9-15T00:00:00.000Z,US-KFS,Kansas Field Station,9,15,2016,9/15/2016 0:00,259
108,39.0561,-95.1907,0.22889927,2016-10-15T00:00:00.000Z,US-KFS,Kansas Field Station,10,15,2016,10/15/2016 0:00,289
109,39.0561,-95.1907,0.129687563,2016-11-15T00:00:00.000Z,US-KFS,Kansas Field Station,11,15,2016,11/15/2016 0:00,320
110,39.0561,-95.1907,0.040627949,2016-12-15T00:00:00.000Z,US-KFS,Kansas Field Station,12,15,2016,12/15/2016 0:00,350
111,39.0561,-95.1907,0.035463769,2017-2-15T00:00:00.000Z,US-KFS,Kansas Field Station,2,15,2017,2/15/2017 0:00,46
112,39.0561,-95.1907,0.127798855,2017-3-15T00:00:00.000Z,US-KFS,Kansas Field Station,3,15,2017,3/15/2017 0:00,74
113,39.0561,-95.1907,0.290282041,2017-4-15T00:00:00.000Z,US-KFS,Kansas Field Station,4,15,2017,4/15/2017 0:00,105
114,39.0561,-95.1907,0.666456878,2017-5-15T00:00:00.000Z,US-KFS,Kansas Field Station,5,15,2017,5/15/2017 0:00,135
115,39.0561,-95.1907,0.680918694,2017-6-15T00:00:00.000Z,US-KFS,Kansas Field Station,6,15,2017,6/15/2017 0:00,166
116,39.0561,-95.1907,0.696863711,2017-7-15T00:00:00.000Z,US-KFS,Kansas Field Station,7,15,2017,7/15/2017 0:00,196
117,39.0561,-95.1907,0.641137898,2017-8-15T00:00:00.000Z,US-KFS,Kansas Field Station,8,15,2017,8/15/2017 0:00,227
118,39.0561,-95.1907,0.374545693,2017-9-15T00:00:00.000Z,US-KFS,Kansas Field Station,9,15,2017,9/15/2017 0:00,258
119,39.0561,-95.1907,0.175217256,2017-10-15T00:00:00.000Z,US-KFS,Kansas Field Station,10,15,2017,10/15/2017 0:00,288
120,39.0561,-95.1907,0.136819407,2017-11-15T00:00:00.000Z,US-KFS,Kansas Field Station,11,15,2017,11/15/2017 0:00,319
121,39.0561,-95.1907,0.121576265,2017-12-15T00:00:00.000Z,US-KFS,Kansas Field Station,12,15,2017,12/15/2017 0:00,349
122,39.0824,-96.5603,0.292915314,2007-1-15T00:00:00.000Z,US-Kon,Konza Prairie LTER (),1,15,2007,1/15/2007 0:00,15
123,39.0824,-96.5603,0.056258541,2007-3-15T00:00:00.000Z,US-Kon,Konza Prairie LTER (),3,15,2007,3/15/2007 0:00,74
124,39.0824,-96.5603,0.351851076,2007-4-15T00:00:00.000Z,US-Kon,Konza Prairie LTER (),4,15,2007,4/15/2007 0:00,105
125,39.0824,-96.5603,0.542379081,2007-5-15T00:00:00.000Z,US-Kon,Konza Prairie LTER (),5,15,2007,5/15/2007 0:00,135
126,39.0824,-96.5603,0.616627395,2007-6-15T00:00:00.000Z,US-Kon,Konza Prairie LTER (),6,15,2007,6/15/2007 0:00,166
127,39.0824,-96.5603,0.654870272,2007-7-15T00:00:00.000Z,US-Kon,Konza Prairie LTER (),7,15,2007,7/15/2007 0:00,196
128,39.0824,-96.5603,0.552922308,2007-8-15T00:00:00.000Z,US-Kon,Konza Prairie LTER (),8,15,2007,8/15/2007 0:00,227
129,39.0824,-96.5603,0.243608832,2007-9-15T00:00:00.000Z,US-Kon,Konza Prairie LTER (),9,15,2007,9/15/2007 0:00,258
130,39.0824,-96.5603,0.132976666,2007-10-15T00:00:00.000Z,US-Kon,Konza Prairie LTER (),10,15,2007,10/15/2007 0:00,288
131,39.0824,-96.5603,0.026159259,2007-11-15T00:00:00.000Z,US-Kon,Konza Prairie LTER (),11,15,2007,11/15/2007 0:00,319
132,39.0824,-96.5603,0.165234968,2007-12-15T00:00:00.000Z,US-Kon,Konza Prairie LTER (),12,15,2007,12/15/2007 0:00,349
133,39.0824,-96.5603,0.151748747,2008-1-15T00:00:00.000Z,US-Kon,Konza Prairie LTER (),1,15,2008,1/15/2008 0:00,15
134,39.0824,-96.5603,0.095244355,2008-3-15T00:00:00.000Z,US-Kon,Konza Prairie LTER (),3,15,2008,3/15/2008 0:00,75
135,39.0824,-96.5603,0.204088986,2008-4-15T00:00:00.000Z,US-Kon,Konza Prairie LTER (),4,15,2008,4/15/2008 0:00,106
136,39.0824,-96.5603,0.480247319,2008-5-15T00:00:00.000Z,US-Kon,Konza Prairie LTER (),5,15,2008,5/15/2008 0:00,136
137,39.0824,-96.5603,0.805240333,2008-6-15T00:00:00.000Z,US-Kon,Konza Prairie LTER (),6,15,2008,6/15/2008 0:00,167
138,39.0824,-96.5603,0.798012197,2008-7-15T00:00:00.000Z,US-Kon,Konza Prairie LTER (),7,15,2008,7/15/2008 0:00,197
139,39.0824,-96.5603,0.643952727,2008-8-15T00:00:00.000Z,US-Kon,Konza Prairie LTER (),8,15,2008,8/15/2008 0:00,228
140,39.0824,-96.5603,0.312864125,2008-9-15T00:00:00.000Z,US-Kon,Konza Prairie LTER (),9,15,2008,9/15/2008 0:00,259
141,39.0824,-96.5603,0.236396208,2008-10-15T00:00:00.000Z,US-Kon,Konza Prairie LTER (),10,15,2008,10/15/2008 0:00,289
142,39.0824,-96.5603,0.057034381,2008-11-15T00:00:00.000Z,US-Kon,Konza Prairie LTER (),11,15,2008,11/15/2008 0:00,320
143,39.0824,-96.5603,0.045812041,2008-12-15T00:00:00.000Z,US-Kon,Konza Prairie LTER (),12,15,2008,12/15/2008 0:00,350
144,39.0824,-96.5603,0.113043815,2009-2-15T00:00:00.000Z,US-Kon,Konza Prairie LTER (),2,15,2009,2/15/2009 0:00,46
145,39.0824,-96.5603,0.134920612,2009-3-15T00:00:00.000Z,US-Kon,Konza Prairie LTER (),3,15,2009,3/15/2009 0:00,74
146,39.0824,-96.5603,0.135043129,2009-4-15T00:00:00.000Z,US-Kon,Konza Prairie LTER (),4,15,2009,4/15/2009 0:00,105
147,39.0824,-96.5603,0.650673747,2009-5-15T00:00:00.000Z,US-Kon,Konza Prairie LTER (),5,15,2009,5/15/2009 0:00,135
148,39.0824,-96.5603,0.654546499,2009-6-15T00:00:00.000Z,US-Kon,Konza Prairie LTER (),6,15,2009,6/15/2009 0:00,166
149,39.0824,-96.5603,0.803708017,2009-7-15T00:00:00.000Z,US-Kon,Konza Prairie LTER (),7,15,2009,7/15/2009 0:00,196
150,39.0824,-96.5603,0.664358854,2009-8-15T00:00:00.000Z,US-Kon,Konza Prairie LTER (),8,15,2009,8/15/2009 0:00,227
151,39.0824,-96.5603,0.351778001,2009-9-15T00:00:00.000Z,US-Kon,Konza Prairie LTER (),9,15,2009,9/15/2009 0:00,258
152,39.0824,-96.5603,0.111828156,2009-10-15T00:00:00.000Z,US-Kon,Konza Prairie LTER (),10,15,2009,10/15/2009 0:00,288
153,39.0824,-96.5603,0.053329676,2009-11-15T00:00:00.000Z,US-Kon,Konza Prairie LTER (),11,15,2009,11/15/2009 0:00,319
154,39.0824,-96.5603,0.044700053,2009-12-15T00:00:00.000Z,US-Kon,Konza Prairie LTER (),12,15,2009,12/15/2009 0:00,349
155,39.0824,-96.5603,0.039095223,2010-2-15T00:00:00.000Z,US-Kon,Konza Prairie LTER (),2,15,2010,2/15/2010 0:00,46
156,39.0824,-96.5603,0.069733359,2010-3-15T00:00:00.000Z,US-Kon,Konza Prairie LTER (),3,15,2010,3/15/2010 0:00,74
157,39.0824,-96.5603,0.338320374,2010-4-15T00:00:00.000Z,US-Kon,Konza Prairie LTER (),4,15,2010,4/15/2010 0:00,105
158,39.0824,-96.5603,0.503554165,2010-5-15T00:00:00.000Z,US-Kon,Konza Prairie LTER (),5,15,2010,5/15/2010 0:00,135
159,39.0824,-96.5603,0.54531002,2010-6-15T00:00:00.000Z,US-Kon,Konza Prairie LTER (),6,15,2010,6/15/2010 0:00,166
160,39.0824,-96.5603,0.825907707,2010-7-15T00:00:00.000Z,US-Kon,Konza Prairie LTER (),7,15,2010,7/15/2010 0:00,196
161,39.0824,-96.5603,0.450956434,2010-8-15T00:00:00.000Z,US-Kon,Konza Prairie LTER (),8,15,2010,8/15/2010 0:00,227
162,39.0824,-96.5603,0.340677202,2010-9-15T00:00:00.000Z,US-Kon,Konza Prairie LTER (),9,15,2010,9/15/2010 0:00,258
163,39.0824,-96.5603,0.171078458,2010-10-15T00:00:00.000Z,US-Kon,Konza Prairie LTER (),10,15,2010,10/15/2010 0:00,288
164,39.0824,-96.5603,0.077211052,2010-11-15T00:00:00.000Z,US-Kon,Konza Prairie LTER (),11,15,2010,11/15/2010 0:00,319
165,39.0824,-96.5603,0.04332811,2010-12-15T00:00:00.000Z,US-Kon,Konza Prairie LTER (),12,15,2010,12/15/2010 0:00,349
166,39.0824,-96.5603,0.029548904,2011-2-15T00:00:00.000Z,US-Kon,Konza Prairie LTER (),2,15,2011,2/15/2011 0:00,46
167,39.0824,-96.5603,0.292233437,2011-4-15T00:00:00.000Z,US-Kon,Konza Prairie LTER (),4,15,2011,4/15/2011 0:00,105
168,39.0824,-96.5603,0.592137575,2011-5-15T00:00:00.000Z,US-Kon,Konza Prairie LTER (),5,15,2011,5/15/2011 0:00,135
169,39.0824,-96.5603,0.592891037,2011-6-15T00:00:00.000Z,US-Kon,Konza Prairie LTER (),6,15,2011,6/15/2011 0:00,166
170,39.0824,-96.5603,0.712944627,2011-7-15T00:00:00.000Z,US-Kon,Konza Prairie LTER (),7,15,2011,7/15/2011 0:00,196
171,39.0824,-96.5603,0.673111618,2011-8-15T00:00:00.000Z,US-Kon,Konza Prairie LTER (),8,15,2011,8/15/2011 0:00,227
172,39.0824,-96.5603,0.343400598,2011-9-15T00:00:00.000Z,US-Kon,Konza Prairie LTER (),9,15,2011,9/15/2011 0:00,258
173,39.0824,-96.5603,0.079395346,2011-10-15T00:00:00.000Z,US-Kon,Konza Prairie LTER (),10,15,2011,10/15/2011 0:00,288
174,39.0824,-96.5603,0.077072807,2011-11-15T00:00:00.000Z,US-Kon,Konza Prairie LTER (),11,15,2011,11/15/2011 0:00,319
175,39.0824,-96.5603,0.054936904,2012-1-15T00:00:00.000Z,US-Kon,Konza Prairie LTER (),1,15,2012,1/15/2012 0:00,15
176,39.0824,-96.5603,0.120278463,2012-2-15T00:00:00.000Z,US-Kon,Konza Prairie LTER (),2,15,2012,2/15/2012 0:00,46
177,39.0824,-96.5603,0.164713219,2012-3-15T00:00:00.000Z,US-Kon,Konza Prairie LTER (),3,15,2012,3/15/2012 0:00,75
178,39.0824,-96.5603,0.484370053,2012-4-15T00:00:00.000Z,US-Kon,Konza Prairie LTER (),4,15,2012,4/15/2012 0:00,106
179,39.0824,-96.5603,0.435676932,2012-5-15T00:00:00.000Z,US-Kon,Konza Prairie LTER (),5,15,2012,5/15/2012 0:00,136
180,39.0824,-96.5603,0.537938774,2012-6-15T00:00:00.000Z,US-Kon,Konza Prairie LTER (),6,15,2012,6/15/2012 0:00,167
181,39.0824,-96.5603,0.448407382,2012-7-15T00:00:00.000Z,US-Kon,Konza Prairie LTER (),7,15,2012,7/15/2012 0:00,197
182,39.0824,-96.5603,0.396447212,2012-8-15T00:00:00.000Z,US-Kon,Konza Prairie LTER (),8,15,2012,8/15/2012 0:00,228
183,39.0824,-96.5603,0.349398017,2012-9-15T00:00:00.000Z,US-Kon,Konza Prairie LTER (),9,15,2012,9/15/2012 0:00,259
184,39.0824,-96.5603,0.091583669,2012-10-15T00:00:00.000Z,US-Kon,Konza Prairie LTER (),10,15,2012,10/15/2012 0:00,289
185,39.0824,-96.5603,0.069947772,2012-11-15T00:00:00.000Z,US-Kon,Konza Prairie LTER (),11,15,2012,11/15/2012 0:00,320
186,39.0824,-96.5603,0.01750838,2012-12-15T00:00:00.000Z,US-Kon,Konza Prairie LTER (),12,15,2012,12/15/2012 0:00,350
187,39.0824,-96.5603,0.039866038,2013-1-15T00:00:00.000Z,US-Kon,Konza Prairie LTER (),1,15,2013,1/15/2013 0:00,15
188,39.0824,-96.5603,0.065544032,2013-2-15T00:00:00.000Z,US-Kon,Konza Prairie LTER (),2,15,2013,2/15/2013 0:00,46
189,39.0824,-96.5603,0.108085774,2013-3-15T00:00:00.000Z,US-Kon,Konza Prairie LTER (),3,15,2013,3/15/2013 0:00,74
190,39.0824,-96.5603,0.201430663,2013-4-15T00:00:00.000Z,US-Kon,Konza Prairie LTER (),4,15,2013,4/15/2013 0:00,105
191,39.0824,-96.5603,0.393020362,2013-5-15T00:00:00.000Z,US-Kon,Konza Prairie LTER (),5,15,2013,5/15/2013 0:00,135
192,39.0824,-96.5603,0.614785135,2013-6-15T00:00:00.000Z,US-Kon,Konza Prairie LTER (),6,15,2013,6/15/2013 0:00,166
193,39.0824,-96.5603,0.430889964,2013-7-15T00:00:00.000Z,US-Kon,Konza Prairie LTER (),7,15,2013,7/15/2013 0:00,196
194,39.0824,-96.5603,0.426604033,2013-8-15T00:00:00.000Z,US-Kon,Konza Prairie LTER (),8,15,2013,8/15/2013 0:00,227
195,39.0824,-96.5603,0.317658037,2013-9-15T00:00:00.000Z,US-Kon,Konza Prairie LTER (),9,15,2013,9/15/2013 0:00,258
196,39.0824,-96.5603,0.235234618,2013-10-15T00:00:00.000Z,US-Kon,Konza Prairie LTER (),10,15,2013,10/15/2013 0:00,288
197,39.0824,-96.5603,0.007107902,2013-11-15T00:00:00.000Z,US-Kon,Konza Prairie LTER (),11,15,2013,11/15/2013 0:00,319
198,39.0824,-96.5603,0.027681947,2013-12-15T00:00:00.000Z,US-Kon,Konza Prairie LTER (),12,15,2013,12/15/2013 0:00,349
199,39.0824,-96.5603,0.123682208,2014-1-15T00:00:00.000Z,US-Kon,Konza Prairie LTER (),1,15,2014,1/15/2014 0:00,15
200,39.0824,-96.5603,0.025406552,2014-2-15T00:00:00.000Z,US-Kon,Konza Prairie LTER (),2,15,2014,2/15/2014 0:00,46
201,39.0824,-96.5603,0.046564974,2014-3-15T00:00:00.000Z,US-Kon,Konza Prairie LTER (),3,15,2014,3/15/2014 0:00,74
202,39.0824,-96.5603,0.082883075,2014-4-15T00:00:00.000Z,US-Kon,Konza Prairie LTER (),4,15,2014,4/15/2014 0:00,105
203,39.0824,-96.5603,0.477225602,2014-5-15T00:00:00.000Z,US-Kon,Konza Prairie LTER (),5,15,2014,5/15/2014 0:00,135
204,39.0824,-96.5603,0.623677194,2014-6-15T00:00:00.000Z,US-Kon,Konza Prairie LTER (),6,15,2014,6/15/2014 0:00,166
205,39.0824,-96.5603,0.568933487,2014-7-15T00:00:00.000Z,US-Kon,Konza Prairie LTER (),7,15,2014,7/15/2014 0:00,196
206,39.0824,-96.5603,0.617935121,2014-8-15T00:00:00.000Z,US-Kon,Konza Prairie LTER (),8,15,2014,8/15/2014 0:00,227
207,39.0824,-96.5603,0.276436716,2014-9-15T00:00:00.000Z,US-Kon,Konza Prairie LTER (),9,15,2014,9/15/2014 0:00,258
208,39.0824,-96.5603,0.162519917,2014-10-15T00:00:00.000Z,US-Kon,Konza Prairie LTER (),10,15,2014,10/15/2014 0:00,288
209,39.0824,-96.5603,0.036661617,2014-11-15T00:00:00.000Z,US-Kon,Konza Prairie LTER (),11,15,2014,11/15/2014 0:00,319
210,39.0824,-96.5603,0.040798221,2015-1-15T00:00:00.000Z,US-Kon,Konza Prairie LTER (),1,15,2015,1/15/2015 0:00,15
211,39.0824,-96.5603,0.009907129,2015-2-15T00:00:00.000Z,US-Kon,Konza Prairie LTER (),2,15,2015,2/15/2015 0:00,46
212,39.0824,-96.5603,0.117983788,2015-3-15T00:00:00.000Z,US-Kon,Konza Prairie LTER (),3,15,2015,3/15/2015 0:00,74
213,39.0824,-96.5603,0.303993285,2015-4-15T00:00:00.000Z,US-Kon,Konza Prairie LTER (),4,15,2015,4/15/2015 0:00,105
214,39.0824,-96.5603,0.457629442,2015-5-15T00:00:00.000Z,US-Kon,Konza Prairie LTER (),5,15,2015,5/15/2015 0:00,135
215,39.0824,-96.5603,0.450052619,2015-6-15T00:00:00.000Z,US-Kon,Konza Prairie LTER (),6,15,2015,6/15/2015 0:00,166
216,39.0824,-96.5603,0.556438088,2015-7-15T00:00:00.000Z,US-Kon,Konza Prairie LTER (),7,15,2015,7/15/2015 0:00,196
217,39.0824,-96.5603,0.506489217,2015-8-15T00:00:00.000Z,US-Kon,Konza Prairie LTER (),8,15,2015,8/15/2015 0:00,227
218,39.0824,-96.5603,0.425461322,2015-9-15T00:00:00.000Z,US-Kon,Konza Prairie LTER (),9,15,2015,9/15/2015 0:00,258
219,39.0824,-96.5603,0.154677168,2015-10-15T00:00:00.000Z,US-Kon,Konza Prairie LTER (),10,15,2015,10/15/2015 0:00,288
220,39.0824,-96.5603,0.115984604,2015-11-15T00:00:00.000Z,US-Kon,Konza Prairie LTER (),11,15,2015,11/15/2015 0:00,319
221,39.0824,-96.5603,0.046517629,2015-12-15T00:00:00.000Z,US-Kon,Konza Prairie LTER (),12,15,2015,12/15/2015 0:00,349
222,39.0824,-96.5603,0.010813789,2016-1-15T00:00:00.000Z,US-Kon,Konza Prairie LTER (),1,15,2016,1/15/2016 0:00,15
223,39.0824,-96.5603,0.06807927,2016-2-15T00:00:00.000Z,US-Kon,Konza Prairie LTER (),2,15,2016,2/15/2016 0:00,46
224,39.0824,-96.5603,0.126904786,2016-3-15T00:00:00.000Z,US-Kon,Konza Prairie LTER (),3,15,2016,3/15/2016 0:00,75
225,39.0824,-96.5603,0.208430439,2016-4-15T00:00:00.000Z,US-Kon,Konza Prairie LTER (),4,15,2016,4/15/2016 0:00,106
226,39.0824,-96.5603,0.40044567,2016-5-15T00:00:00.000Z,US-Kon,Konza Prairie LTER (),5,15,2016,5/15/2016 0:00,136
227,39.0824,-96.5603,0.553420603,2016-6-15T00:00:00.000Z,US-Kon,Konza Prairie LTER (),6,15,2016,6/15/2016 0:00,167
228,39.0824,-96.5603,0.569351315,2016-7-15T00:00:00.000Z,US-Kon,Konza Prairie LTER (),7,15,2016,7/15/2016 0:00,197
229,39.0824,-96.5603,0.554574847,2016-8-15T00:00:00.000Z,US-Kon,Konza Prairie LTER (),8,15,2016,8/15/2016 0:00,228
230,39.0824,-96.5603,0.424860597,2016-9-15T00:00:00.000Z,US-Kon,Konza Prairie LTER (),9,15,2016,9/15/2016 0:00,259
231,39.0824,-96.5603,0.146337971,2016-10-15T00:00:00.000Z,US-Kon,Konza Prairie LTER (),10,15,2016,10/15/2016 0:00,289
232,39.0824,-96.5603,0.071444519,2016-11-15T00:00:00.000Z,US-Kon,Konza Prairie LTER (),11,15,2016,11/15/2016 0:00,320
233,39.0824,-96.5603,0.023390938,2016-12-15T00:00:00.000Z,US-Kon,Konza Prairie LTER (),12,15,2016,12/15/2016 0:00,350
234,39.0824,-96.5603,0.006791472,2017-1-15T00:00:00.000Z,US-Kon,Konza Prairie LTER (),1,15,2017,1/15/2017 0:00,15
235,39.0824,-96.5603,0.004139686,2017-3-15T00:00:00.000Z,US-Kon,Konza Prairie LTER (),3,15,2017,3/15/2017 0:00,74
236,39.0824,-96.5603,0.196099982,2017-4-15T00:00:00.000Z,US-Kon,Konza Prairie LTER (),4,15,2017,4/15/2017 0:00,105
237,39.0824,-96.5603,0.559172869,2017-5-15T00:00:00.000Z,US-Kon,Konza Prairie LTER (),5,15,2017,5/15/2017 0:00,135
238,39.0824,-96.5603,0.517145514,2017-6-15T00:00:00.000Z,US-Kon,Konza Prairie LTER (),6,15,2017,6/15/2017 0:00,166
239,39.0824,-96.5603,0.501433134,2017-7-15T00:00:00.000Z,US-Kon,Konza Prairie LTER (),7,15,2017,7/15/2017 0:00,196
240,39.0824,-96.5603,0.571432054,2017-8-15T00:00:00.000Z,US-Kon,Konza Prairie LTER (),8,15,2017,8/15/2017 0:00,227
241,39.0824,-96.5603,0.213388279,2017-9-15T00:00:00.000Z,US-Kon,Konza Prairie LTER (),9,15,2017,9/15/2017 0:00,258
242,39.0824,-96.5603,0.214352176,2017-10-15T00:00:00.000Z,US-Kon,Konza Prairie LTER (),10,15,2017,10/15/2017 0:00,288
243,39.0824,-96.5603,0.023002243,2017-12-15T00:00:00.000Z,US-Kon,Konza Prairie LTER (),12,15,2017,12/15/2017 0:00,349
244,33.7364,-117.6947,0.021857118,2007-2-15T00:00:00.000Z,US-SCg,S. Calif. Grassland,2,15,2007,2/15/2007 0:00,46
245,33.7364,-117.6947,0.111466318,2007-3-15T00:00:00.000Z,US-SCg,S. Calif. Grassland,3,15,2007,3/15/2007 0:00,74
246,33.7364,-117.6947,0.22835283,2007-4-15T00:00:00.000Z,US-SCg,S. Calif. Grassland,4,15,2007,4/15/2007 0:00,105
247,33.7364,-117.6947,0.258220494,2007-5-15T00:00:00.000Z,US-SCg,S. Calif. Grassland,5,15,2007,5/15/2007 0:00,135
248,33.7364,-117.6947,0.19987376,2007-6-15T00:00:00.000Z,US-SCg,S. Calif. Grassland,6,15,2007,6/15/2007 0:00,166
249,33.7364,-117.6947,0.110060796,2007-7-15T00:00:00.000Z,US-SCg,S. Calif. Grassland,7,15,2007,7/15/2007 0:00,196
250,33.7364,-117.6947,0.137197673,2007-8-15T00:00:00.000Z,US-SCg,S. Calif. Grassland,8,15,2007,8/15/2007 0:00,227
251,33.7364,-117.6947,0.057725046,2007-9-15T00:00:00.000Z,US-SCg,S. Calif. Grassland,9,15,2007,9/15/2007 0:00,258
252,33.7364,-117.6947,0.051561873,2007-10-15T00:00:00.000Z,US-SCg,S. Calif. Grassland,10,15,2007,10/15/2007 0:00,288
253,33.7364,-117.6947,0.116765216,2007-11-15T00:00:00.000Z,US-SCg,S. Calif. Grassland,11,15,2007,11/15/2007 0:00,319
254,33.7364,-117.6947,0.041248888,2007-12-15T00:00:00.000Z,US-SCg,S. Calif. Grassland,12,15,2007,12/15/2007 0:00,349
255,33.7364,-117.6947,0.044031471,2008-1-15T00:00:00.000Z,US-SCg,S. Calif. Grassland,1,15,2008,1/15/2008 0:00,15
256,33.7364,-117.6947,0.104930453,2008-2-15T00:00:00.000Z,US-SCg,S. Calif. Grassland,2,15,2008,2/15/2008 0:00,46
257,33.7364,-117.6947,0.226367757,2008-3-15T00:00:00.000Z,US-SCg,S. Calif. Grassland,3,15,2008,3/15/2008 0:00,75
258,33.7364,-117.6947,0.267905563,2008-4-15T00:00:00.000Z,US-SCg,S. Calif. Grassland,4,15,2008,4/15/2008 0:00,106
259,33.7364,-117.6947,0.176263675,2008-5-15T00:00:00.000Z,US-SCg,S. Calif. Grassland,5,15,2008,5/15/2008 0:00,136
260,33.7364,-117.6947,0.232173294,2008-6-15T00:00:00.000Z,US-SCg,S. Calif. Grassland,6,15,2008,6/15/2008 0:00,167
261,33.7364,-117.6947,0.27325961,2008-7-15T00:00:00.000Z,US-SCg,S. Calif. Grassland,7,15,2008,7/15/2008 0:00,197
262,33.7364,-117.6947,0.098034874,2008-8-15T00:00:00.000Z,US-SCg,S. Calif. Grassland,8,15,2008,8/15/2008 0:00,228
263,33.7364,-117.6947,0.196302503,2008-9-15T00:00:00.000Z,US-SCg,S. Calif. Grassland,9,15,2008,9/15/2008 0:00,259
264,33.7364,-117.6947,0.056114383,2008-10-15T00:00:00.000Z,US-SCg,S. Calif. Grassland,10,15,2008,10/15/2008 0:00,289
265,33.7364,-117.6947,0.06193592,2008-11-15T00:00:00.000Z,US-SCg,S. Calif. Grassland,11,15,2008,11/15/2008 0:00,320
266,33.7364,-117.6947,0.096946217,2008-12-15T00:00:00.000Z,US-SCg,S. Calif. Grassland,12,15,2008,12/15/2008 0:00,350
267,33.7364,-117.6947,0.088063009,2009-1-15T00:00:00.000Z,US-SCg,S. Calif. Grassland,1,15,2009,1/15/2009 0:00,15
268,33.7364,-117.6947,0.024015326,2009-2-15T00:00:00.000Z,US-SCg,S. Calif. Grassland,2,15,2009,2/15/2009 0:00,46
269,33.7364,-117.6947,0.279084414,2009-3-15T00:00:00.000Z,US-SCg,S. Calif. Grassland,3,15,2009,3/15/2009 0:00,74
270,33.7364,-117.6947,0.11514169,2009-4-15T00:00:00.000Z,US-SCg,S. Calif. Grassland,4,15,2009,4/15/2009 0:00,105
271,33.7364,-117.6947,0.378966689,2009-5-15T00:00:00.000Z,US-SCg,S. Calif. Grassland,5,15,2009,5/15/2009 0:00,135
272,33.7364,-117.6947,0.285695672,2009-6-15T00:00:00.000Z,US-SCg,S. Calif. Grassland,6,15,2009,6/15/2009 0:00,166
273,33.7364,-117.6947,0.218681529,2009-7-15T00:00:00.000Z,US-SCg,S. Calif. Grassland,7,15,2009,7/15/2009 0:00,196
274,33.7364,-117.6947,0.129876032,2009-8-15T00:00:00.000Z,US-SCg,S. Calif. Grassland,8,15,2009,8/15/2009 0:00,227
275,33.7364,-117.6947,0.068449862,2009-9-15T00:00:00.000Z,US-SCg,S. Calif. Grassland,9,15,2009,9/15/2009 0:00,258
276,33.7364,-117.6947,0.118617751,2009-10-15T00:00:00.000Z,US-SCg,S. Calif. Grassland,10,15,2009,10/15/2009 0:00,288
277,33.7364,-117.6947,0.075856909,2009-11-15T00:00:00.000Z,US-SCg,S. Calif. Grassland,11,15,2009,11/15/2009 0:00,319
278,33.7364,-117.6947,0.088959806,2009-12-15T00:00:00.000Z,US-SCg,S. Calif. Grassland,12,15,2009,12/15/2009 0:00,349
279,33.7364,-117.6947,0.021781044,2010-1-15T00:00:00.000Z,US-SCg,S. Calif. Grassland,1,15,2010,1/15/2010 0:00,15
280,33.7364,-117.6947,0.07039348,2010-2-15T00:00:00.000Z,US-SCg,S. Calif. Grassland,2,15,2010,2/15/2010 0:00,46
281,33.7364,-117.6947,0.184509784,2010-3-15T00:00:00.000Z,US-SCg,S. Calif. Grassland,3,15,2010,3/15/2010 0:00,74
282,33.7364,-117.6947,0.203806952,2010-4-15T00:00:00.000Z,US-SCg,S. Calif. Grassland,4,15,2010,4/15/2010 0:00,105
283,33.7364,-117.6947,0.107998461,2010-5-15T00:00:00.000Z,US-SCg,S. Calif. Grassland,5,15,2010,5/15/2010 0:00,135
284,33.7364,-117.6947,0.232805297,2010-6-15T00:00:00.000Z,US-SCg,S. Calif. Grassland,6,15,2010,6/15/2010 0:00,166
285,33.7364,-117.6947,0.152034745,2010-7-15T00:00:00.000Z,US-SCg,S. Calif. Grassland,7,15,2010,7/15/2010 0:00,196
286,33.7364,-117.6947,0.150614783,2010-8-15T00:00:00.000Z,US-SCg,S. Calif. Grassland,8,15,2010,8/15/2010 0:00,227
287,33.7364,-117.6947,0.137245744,2010-9-15T00:00:00.000Z,US-SCg,S. Calif. Grassland,9,15,2010,9/15/2010 0:00,258
288,33.7364,-117.6947,0.100265644,2010-10-15T00:00:00.000Z,US-SCg,S. Calif. Grassland,10,15,2010,10/15/2010 0:00,288
289,33.7364,-117.6947,0.040328834,2010-11-15T00:00:00.000Z,US-SCg,S. Calif. Grassland,11,15,2010,11/15/2010 0:00,319
290,33.7364,-117.6947,0.109561622,2010-12-15T00:00:00.000Z,US-SCg,S. Calif. Grassland,12,15,2010,12/15/2010 0:00,349
291,33.7364,-117.6947,0.103093393,2011-1-15T00:00:00.000Z,US-SCg,S. Calif. Grassland,1,15,2011,1/15/2011 0:00,15
292,33.7364,-117.6947,0.03916236,2011-2-15T00:00:00.000Z,US-SCg,S. Calif. Grassland,2,15,2011,2/15/2011 0:00,46
293,33.7364,-117.6947,0.141131297,2011-3-15T00:00:00.000Z,US-SCg,S. Calif. Grassland,3,15,2011,3/15/2011 0:00,74
294,33.7364,-117.6947,0.211045519,2011-4-15T00:00:00.000Z,US-SCg,S. Calif. Grassland,4,15,2011,4/15/2011 0:00,105
295,33.7364,-117.6947,0.293672115,2011-5-15T00:00:00.000Z,US-SCg,S. Calif. Grassland,5,15,2011,5/15/2011 0:00,135
296,33.7364,-117.6947,0.300546765,2011-6-15T00:00:00.000Z,US-SCg,S. Calif. Grassland,6,15,2011,6/15/2011 0:00,166
297,33.7364,-117.6947,0.239588901,2011-7-15T00:00:00.000Z,US-SCg,S. Calif. Grassland,7,15,2011,7/15/2011 0:00,196
298,33.7364,-117.6947,0.212320164,2011-8-15T00:00:00.000Z,US-SCg,S. Calif. Grassland,8,15,2011,8/15/2011 0:00,227
299,33.7364,-117.6947,0.117667161,2011-9-15T00:00:00.000Z,US-SCg,S. Calif. Grassland,9,15,2011,9/15/2011 0:00,258
300,33.7364,-117.6947,0.170207277,2011-10-15T00:00:00.000Z,US-SCg,S. Calif. Grassland,10,15,2011,10/15/2011 0:00,288
301,33.7364,-117.6947,0.112204954,2011-11-15T00:00:00.000Z,US-SCg,S. Calif. Grassland,11,15,2011,11/15/2011 0:00,319
302,33.7364,-117.6947,0.140416145,2011-12-15T00:00:00.000Z,US-SCg,S. Calif. Grassland,12,15,2011,12/15/2011 0:00,349
303,33.7364,-117.6947,0.079110235,2012-1-15T00:00:00.000Z,US-SCg,S. Calif. Grassland,1,15,2012,1/15/2012 0:00,15
304,33.7364,-117.6947,0.027103946,2012-2-15T00:00:00.000Z,US-SCg,S. Calif. Grassland,2,15,2012,2/15/2012 0:00,46
305,33.7364,-117.6947,0.086085111,2012-3-15T00:00:00.000Z,US-SCg,S. Calif. Grassland,3,15,2012,3/15/2012 0:00,75
306,33.7364,-117.6947,0.145401105,2012-4-15T00:00:00.000Z,US-SCg,S. Calif. Grassland,4,15,2012,4/15/2012 0:00,106
307,33.7364,-117.6947,0.280506134,2012-5-15T00:00:00.000Z,US-SCg,S. Calif. Grassland,5,15,2012,5/15/2012 0:00,136
308,33.7364,-117.6947,0.237896413,2012-6-15T00:00:00.000Z,US-SCg,S. Calif. Grassland,6,15,2012,6/15/2012 0:00,167
309,33.7364,-117.6947,0.211266413,2012-7-15T00:00:00.000Z,US-SCg,S. Calif. Grassland,7,15,2012,7/15/2012 0:00,197
310,33.7364,-117.6947,0.11787416,2012-8-15T00:00:00.000Z,US-SCg,S. Calif. Grassland,8,15,2012,8/15/2012 0:00,228
311,33.7364,-117.6947,0.092151947,2012-9-15T00:00:00.000Z,US-SCg,S. Calif. Grassland,9,15,2012,9/15/2012 0:00,259
312,33.7364,-117.6947,0.084240079,2012-10-15T00:00:00.000Z,US-SCg,S. Calif. Grassland,10,15,2012,10/15/2012 0:00,289
313,33.7364,-117.6947,0.05754948,2012-11-15T00:00:00.000Z,US-SCg,S. Calif. Grassland,11,15,2012,11/15/2012 0:00,320
314,33.7364,-117.6947,0.053172302,2012-12-15T00:00:00.000Z,US-SCg,S. Calif. Grassland,12,15,2012,12/15/2012 0:00,350
315,33.7364,-117.6947,0.071207084,2013-2-15T00:00:00.000Z,US-SCg,S. Calif. Grassland,2,15,2013,2/15/2013 0:00,46
316,33.7364,-117.6947,0.184659198,2013-3-15T00:00:00.000Z,US-SCg,S. Calif. Grassland,3,15,2013,3/15/2013 0:00,74
317,33.7364,-117.6947,0.147743866,2013-4-15T00:00:00.000Z,US-SCg,S. Calif. Grassland,4,15,2013,4/15/2013 0:00,105
318,33.7364,-117.6947,0.206544742,2013-5-15T00:00:00.000Z,US-SCg,S. Calif. Grassland,5,15,2013,5/15/2013 0:00,135
319,33.7364,-117.6947,0.158987179,2013-6-15T00:00:00.000Z,US-SCg,S. Calif. Grassland,6,15,2013,6/15/2013 0:00,166
320,33.7364,-117.6947,0.352887213,2013-7-15T00:00:00.000Z,US-SCg,S. Calif. Grassland,7,15,2013,7/15/2013 0:00,196
321,33.7364,-117.6947,0.231131569,2013-8-15T00:00:00.000Z,US-SCg,S. Calif. Grassland,8,15,2013,8/15/2013 0:00,227
322,33.7364,-117.6947,0.152636692,2013-9-15T00:00:00.000Z,US-SCg,S. Calif. Grassland,9,15,2013,9/15/2013 0:00,258
323,33.7364,-117.6947,0.118367508,2013-10-15T00:00:00.000Z,US-SCg,S. Calif. Grassland,10,15,2013,10/15/2013 0:00,288
324,33.7364,-117.6947,0.027541908,2013-12-15T00:00:00.000Z,US-SCg,S. Calif. Grassland,12,15,2013,12/15/2013 0:00,349
325,33.7364,-117.6947,0.075980783,2014-1-15T00:00:00.000Z,US-SCg,S. Calif. Grassland,1,15,2014,1/15/2014 0:00,15
326,33.7364,-117.6947,0.144593656,2014-3-15T00:00:00.000Z,US-SCg,S. Calif. Grassland,3,15,2014,3/15/2014 0:00,74
327,33.7364,-117.6947,0.152730793,2014-4-15T00:00:00.000Z,US-SCg,S. Calif. Grassland,4,15,2014,4/15/2014 0:00,105
328,33.7364,-117.6947,0.17252551,2014-5-15T00:00:00.000Z,US-SCg,S. Calif. Grassland,5,15,2014,5/15/2014 0:00,135
329,33.7364,-117.6947,0.104316838,2014-6-15T00:00:00.000Z,US-SCg,S. Calif. Grassland,6,15,2014,6/15/2014 0:00,166
330,33.7364,-117.6947,0.195516825,2014-7-15T00:00:00.000Z,US-SCg,S. Calif. Grassland,7,15,2014,7/15/2014 0:00,196
331,33.7364,-117.6947,0.178069368,2014-8-15T00:00:00.000Z,US-SCg,S. Calif. Grassland,8,15,2014,8/15/2014 0:00,227
332,33.7364,-117.6947,0.118891411,2014-10-15T00:00:00.000Z,US-SCg,S. Calif. Grassland,10,15,2014,10/15/2014 0:00,288
333,33.7364,-117.6947,0.003362713,2014-11-15T00:00:00.000Z,US-SCg,S. Calif. Grassland,11,15,2014,11/15/2014 0:00,319
334,33.7364,-117.6947,0.062614836,2014-12-15T00:00:00.000Z,US-SCg,S. Calif. Grassland,12,15,2014,12/15/2014 0:00,349
335,33.7364,-117.6947,0.040240575,2015-1-15T00:00:00.000Z,US-SCg,S. Calif. Grassland,1,15,2015,1/15/2015 0:00,15
336,33.7364,-117.6947,0.216908798,2015-2-15T00:00:00.000Z,US-SCg,S. Calif. Grassland,2,15,2015,2/15/2015 0:00,46
337,33.7364,-117.6947,0.152390942,2015-3-15T00:00:00.000Z,US-SCg,S. Calif. Grassland,3,15,2015,3/15/2015 0:00,74
338,33.7364,-117.6947,0.131645247,2015-4-15T00:00:00.000Z,US-SCg,S. Calif. Grassland,4,15,2015,4/15/2015 0:00,105
339,33.7364,-117.6947,0.256359637,2015-5-15T00:00:00.000Z,US-SCg,S. Calif. Grassland,5,15,2015,5/15/2015 0:00,135
340,33.7364,-117.6947,0.257861853,2015-6-15T00:00:00.000Z,US-SCg,S. Calif. Grassland,6,15,2015,6/15/2015 0:00,166
341,33.7364,-117.6947,0.230401516,2015-7-15T00:00:00.000Z,US-SCg,S. Calif. Grassland,7,15,2015,7/15/2015 0:00,196
342,33.7364,-117.6947,0.137851596,2015-8-15T00:00:00.000Z,US-SCg,S. Calif. Grassland,8,15,2015,8/15/2015 0:00,227
343,33.7364,-117.6947,0.041681547,2015-9-15T00:00:00.000Z,US-SCg,S. Calif. Grassland,9,15,2015,9/15/2015 0:00,258
344,33.7364,-117.6947,0.029906791,2015-10-15T00:00:00.000Z,US-SCg,S. Calif. Grassland,10,15,2015,10/15/2015 0:00,288
345,33.7364,-117.6947,0.021876588,2015-11-15T00:00:00.000Z,US-SCg,S. Calif. Grassland,11,15,2015,11/15/2015 0:00,319
346,33.7364,-117.6947,0.05408036,2015-12-15T00:00:00.000Z,US-SCg,S. Calif. Grassland,12,15,2015,12/15/2015 0:00,349
347,33.7364,-117.6947,0.086999722,2016-1-15T00:00:00.000Z,US-SCg,S. Calif. Grassland,1,15,2016,1/15/2016 0:00,15
348,33.7364,-117.6947,0.194536105,2016-2-15T00:00:00.000Z,US-SCg,S. Calif. Grassland,2,15,2016,2/15/2016 0:00,46
349,33.7364,-117.6947,0.180654213,2016-3-15T00:00:00.000Z,US-SCg,S. Calif. Grassland,3,15,2016,3/15/2016 0:00,75
350,33.7364,-117.6947,0.217251539,2016-4-15T00:00:00.000Z,US-SCg,S. Calif. Grassland,4,15,2016,4/15/2016 0:00,106
351,33.7364,-117.6947,0.279613763,2016-5-15T00:00:00.000Z,US-SCg,S. Calif. Grassland,5,15,2016,5/15/2016 0:00,136
352,33.7364,-117.6947,0.184144422,2016-6-15T00:00:00.000Z,US-SCg,S. Calif. Grassland,6,15,2016,6/15/2016 0:00,167
353,33.7364,-117.6947,0.134206995,2016-7-15T00:00:00.000Z,US-SCg,S. Calif. Grassland,7,15,2016,7/15/2016 0:00,197
354,33.7364,-117.6947,0.152796268,2016-8-15T00:00:00.000Z,US-SCg,S. Calif. Grassland,8,15,2016,8/15/2016 0:00,228
355,33.7364,-117.6947,0.136428356,2016-9-15T00:00:00.000Z,US-SCg,S. Calif. Grassland,9,15,2016,9/15/2016 0:00,259
356,33.7364,-117.6947,0.051846523,2016-10-15T00:00:00.000Z,US-SCg,S. Calif. Grassland,10,15,2016,10/15/2016 0:00,289
357,33.7364,-117.6947,0.028805753,2016-11-15T00:00:00.000Z,US-SCg,S. Calif. Grassland,11,15,2016,11/15/2016 0:00,320
358,33.7364,-117.6947,0.053446457,2016-12-15T00:00:00.000Z,US-SCg,S. Calif. Grassland,12,15,2016,12/15/2016 0:00,350
359,33.7364,-117.6947,0.000768523,2017-1-15T00:00:00.000Z,US-SCg,S. Calif. Grassland,1,15,2017,1/15/2017 0:00,15
360,33.7364,-117.6947,0.16154781,2017-3-15T00:00:00.000Z,US-SCg,S. Calif. Grassland,3,15,2017,3/15/2017 0:00,74
361,33.7364,-117.6947,0.091414697,2017-4-15T00:00:00.000Z,US-SCg,S. Calif. Grassland,4,15,2017,4/15/2017 0:00,105
362,33.7364,-117.6947,0.190981895,2017-5-15T00:00:00.000Z,US-SCg,S. Calif. Grassland,5,15,2017,5/15/2017 0:00,135
363,33.7364,-117.6947,0.076042652,2017-6-15T00:00:00.000Z,US-SCg,S. Calif. Grassland,6,15,2017,6/15/2017 0:00,166
364,33.7364,-117.6947,0.164317176,2017-7-15T00:00:00.000Z,US-SCg,S. Calif. Grassland,7,15,2017,7/15/2017 0:00,196
365,33.7364,-117.6947,0.182247132,2017-8-15T00:00:00.000Z,US-SCg,S. Calif. Grassland,8,15,2017,8/15/2017 0:00,227
366,33.7364,-117.6947,0.088217393,2017-9-15T00:00:00.000Z,US-SCg,S. Calif. Grassland,9,15,2017,9/15/2017 0:00,258
367,33.7364,-117.6947,0.042983949,2017-10-15T00:00:00.000Z,US-SCg,S. Calif. Grassland,10,15,2017,10/15/2017 0:00,288
368,33.7364,-117.6947,0.080093361,2017-11-15T00:00:00.000Z,US-SCg,S. Calif. Grassland,11,15,2017,11/15/2017 0:00,319
369,34.3623,-106.7019,0.041541953,2007-1-15T00:00:00.000Z,US-Seg,Sevilleta grassland,1,15,2007,1/15/2007 0:00,15
370,34.3623,-106.7019,0.027691342,2007-2-15T00:00:00.000Z,US-Seg,Sevilleta grassland,2,15,2007,2/15/2007 0:00,46
371,34.3623,-106.7019,0.026891513,2007-3-15T00:00:00.000Z,US-Seg,Sevilleta grassland,3,15,2007,3/15/2007 0:00,74
372,34.3623,-106.7019,0.118377097,2007-4-15T00:00:00.000Z,US-Seg,Sevilleta grassland,4,15,2007,4/15/2007 0:00,105
373,34.3623,-106.7019,0.043023642,2007-5-15T00:00:00.000Z,US-Seg,Sevilleta grassland,5,15,2007,5/15/2007 0:00,135
374,34.3623,-106.7019,0.221417472,2007-6-15T00:00:00.000Z,US-Seg,Sevilleta grassland,6,15,2007,6/15/2007 0:00,166
375,34.3623,-106.7019,0.213638946,2007-7-15T00:00:00.000Z,US-Seg,Sevilleta grassland,7,15,2007,7/15/2007 0:00,196
376,34.3623,-106.7019,0.141358003,2007-8-15T00:00:00.000Z,US-Seg,Sevilleta grassland,8,15,2007,8/15/2007 0:00,227
377,34.3623,-106.7019,0.143137887,2007-9-15T00:00:00.000Z,US-Seg,Sevilleta grassland,9,15,2007,9/15/2007 0:00,258
378,34.3623,-106.7019,0.004625476,2007-10-15T00:00:00.000Z,US-Seg,Sevilleta grassland,10,15,2007,10/15/2007 0:00,288
379,34.3623,-106.7019,0.002997335,2007-11-15T00:00:00.000Z,US-Seg,Sevilleta grassland,11,15,2007,11/15/2007 0:00,319
380,34.3623,-106.7019,0.008881559,2008-2-15T00:00:00.000Z,US-Seg,Sevilleta grassland,2,15,2008,2/15/2008 0:00,46
381,34.3623,-106.7019,0.013606809,2008-3-15T00:00:00.000Z,US-Seg,Sevilleta grassland,3,15,2008,3/15/2008 0:00,75
382,34.3623,-106.7019,0.003285668,2008-4-15T00:00:00.000Z,US-Seg,Sevilleta grassland,4,15,2008,4/15/2008 0:00,106
383,34.3623,-106.7019,0.020427156,2008-5-15T00:00:00.000Z,US-Seg,Sevilleta grassland,5,15,2008,5/15/2008 0:00,136
384,34.3623,-106.7019,0.13482134,2008-6-15T00:00:00.000Z,US-Seg,Sevilleta grassland,6,15,2008,6/15/2008 0:00,167
385,34.3623,-106.7019,0.251756966,2008-7-15T00:00:00.000Z,US-Seg,Sevilleta grassland,7,15,2008,7/15/2008 0:00,197
386,34.3623,-106.7019,0.245389283,2008-8-15T00:00:00.000Z,US-Seg,Sevilleta grassland,8,15,2008,8/15/2008 0:00,228
387,34.3623,-106.7019,0.119140215,2008-9-15T00:00:00.000Z,US-Seg,Sevilleta grassland,9,15,2008,9/15/2008 0:00,259
388,34.3623,-106.7019,0.157290488,2008-10-15T00:00:00.000Z,US-Seg,Sevilleta grassland,10,15,2008,10/15/2008 0:00,289
389,34.3623,-106.7019,0.018479796,2008-11-15T00:00:00.000Z,US-Seg,Sevilleta grassland,11,15,2008,11/15/2008 0:00,320
390,34.3623,-106.7019,0.070995584,2008-12-15T00:00:00.000Z,US-Seg,Sevilleta grassland,12,15,2008,12/15/2008 0:00,350
391,34.3623,-106.7019,0.089297459,2009-3-15T00:00:00.000Z,US-Seg,Sevilleta grassland,3,15,2009,3/15/2009 0:00,74
392,34.3623,-106.7019,0.128177091,2009-5-15T00:00:00.000Z,US-Seg,Sevilleta grassland,5,15,2009,5/15/2009 0:00,135
393,34.3623,-106.7019,0.093903288,2009-6-15T00:00:00.000Z,US-Seg,Sevilleta grassland,6,15,2009,6/15/2009 0:00,166
394,34.3623,-106.7019,0.085324422,2009-7-15T00:00:00.000Z,US-Seg,Sevilleta grassland,7,15,2009,7/15/2009 0:00,196
395,34.3623,-106.7019,0.200449243,2009-8-15T00:00:00.000Z,US-Seg,Sevilleta grassland,8,15,2009,8/15/2009 0:00,227
396,34.3623,-106.7019,0.064446069,2009-9-15T00:00:00.000Z,US-Seg,Sevilleta grassland,9,15,2009,9/15/2009 0:00,258
397,34.3623,-106.7019,0.02206883,2009-10-15T00:00:00.000Z,US-Seg,Sevilleta grassland,10,15,2009,10/15/2009 0:00,288
398,34.3623,-106.7019,0.002718861,2009-11-15T00:00:00.000Z,US-Seg,Sevilleta grassland,11,15,2009,11/15/2009 0:00,319
399,34.3623,-106.7019,0.030318787,2009-12-15T00:00:00.000Z,US-Seg,Sevilleta grassland,12,15,2009,12/15/2009 0:00,349
400,34.3623,-106.7019,0.067604512,2010-2-15T00:00:00.000Z,US-Seg,Sevilleta grassland,2,15,2010,2/15/2010 0:00,46
401,34.3623,-106.7019,0.005286082,2010-4-15T00:00:00.000Z,US-Seg,Sevilleta grassland,4,15,2010,4/15/2010 0:00,105
402,34.3623,-106.7019,0.122365087,2010-5-15T00:00:00.000Z,US-Seg,Sevilleta grassland,5,15,2010,5/15/2010 0:00,135
403,34.3623,-106.7019,0.195519596,2010-6-15T00:00:00.000Z,US-Seg,Sevilleta grassland,6,15,2010,6/15/2010 0:00,166
404,34.3623,-106.7019,0.176309019,2010-7-15T00:00:00.000Z,US-Seg,Sevilleta grassland,7,15,2010,7/15/2010 0:00,196
405,34.3623,-106.7019,0.166160434,2010-8-15T00:00:00.000Z,US-Seg,Sevilleta grassland,8,15,2010,8/15/2010 0:00,227
406,34.3623,-106.7019,0.127323732,2010-9-15T00:00:00.000Z,US-Seg,Sevilleta grassland,9,15,2010,9/15/2010 0:00,258
407,34.3623,-106.7019,0.090397358,2010-10-15T00:00:00.000Z,US-Seg,Sevilleta grassland,10,15,2010,10/15/2010 0:00,288
408,34.3623,-106.7019,0.068049073,2010-11-15T00:00:00.000Z,US-Seg,Sevilleta grassland,11,15,2010,11/15/2010 0:00,319
409,34.3623,-106.7019,0.071288779,2010-12-15T00:00:00.000Z,US-Seg,Sevilleta grassland,12,15,2010,12/15/2010 0:00,349
410,34.3623,-106.7019,0.044055991,2011-1-15T00:00:00.000Z,US-Seg,Sevilleta grassland,1,15,2011,1/15/2011 0:00,15
411,34.3623,-106.7019,0.039574042,2011-2-15T00:00:00.000Z,US-Seg,Sevilleta grassland,2,15,2011,2/15/2011 0:00,46
412,34.3623,-106.7019,0.048243824,2011-4-15T00:00:00.000Z,US-Seg,Sevilleta grassland,4,15,2011,4/15/2011 0:00,105
413,34.3623,-106.7019,0.063122392,2011-5-15T00:00:00.000Z,US-Seg,Sevilleta grassland,5,15,2011,5/15/2011 0:00,135
414,34.3623,-106.7019,0.047057036,2011-6-15T00:00:00.000Z,US-Seg,Sevilleta grassland,6,15,2011,6/15/2011 0:00,166
415,34.3623,-106.7019,0.042589001,2011-7-15T00:00:00.000Z,US-Seg,Sevilleta grassland,7,15,2011,7/15/2011 0:00,196
416,34.3623,-106.7019,0.086427562,2011-8-15T00:00:00.000Z,US-Seg,Sevilleta grassland,8,15,2011,8/15/2011 0:00,227
417,34.3623,-106.7019,0.122934051,2011-9-15T00:00:00.000Z,US-Seg,Sevilleta grassland,9,15,2011,9/15/2011 0:00,258
418,34.3623,-106.7019,0.000894474,2011-11-15T00:00:00.000Z,US-Seg,Sevilleta grassland,11,15,2011,11/15/2011 0:00,319
419,34.3623,-106.7019,0.132928193,2011-12-15T00:00:00.000Z,US-Seg,Sevilleta grassland,12,15,2011,12/15/2011 0:00,349
420,34.3623,-106.7019,0.080033369,2012-1-15T00:00:00.000Z,US-Seg,Sevilleta grassland,1,15,2012,1/15/2012 0:00,15
421,34.3623,-106.7019,0.01786376,2012-3-15T00:00:00.000Z,US-Seg,Sevilleta grassland,3,15,2012,3/15/2012 0:00,75
422,34.3623,-106.7019,0.111070678,2012-5-15T00:00:00.000Z,US-Seg,Sevilleta grassland,5,15,2012,5/15/2012 0:00,136
423,34.3623,-106.7019,0.100407496,2012-6-15T00:00:00.000Z,US-Seg,Sevilleta grassland,6,15,2012,6/15/2012 0:00,167
424,34.3623,-106.7019,0.1027366,2012-7-15T00:00:00.000Z,US-Seg,Sevilleta grassland,7,15,2012,7/15/2012 0:00,197
425,34.3623,-106.7019,0.17621021,2012-8-15T00:00:00.000Z,US-Seg,Sevilleta grassland,8,15,2012,8/15/2012 0:00,228
426,34.3623,-106.7019,0.100884505,2012-11-15T00:00:00.000Z,US-Seg,Sevilleta grassland,11,15,2012,11/15/2012 0:00,320
427,34.3623,-106.7019,0.001154505,2013-1-15T00:00:00.000Z,US-Seg,Sevilleta grassland,1,15,2013,1/15/2013 0:00,15
428,34.3623,-106.7019,0.043508325,2013-4-15T00:00:00.000Z,US-Seg,Sevilleta grassland,4,15,2013,4/15/2013 0:00,105
429,34.3623,-106.7019,0.091009453,2013-5-15T00:00:00.000Z,US-Seg,Sevilleta grassland,5,15,2013,5/15/2013 0:00,135
430,34.3623,-106.7019,0.040404871,2013-6-15T00:00:00.000Z,US-Seg,Sevilleta grassland,6,15,2013,6/15/2013 0:00,166
431,34.3623,-106.7019,0.013565987,2013-7-15T00:00:00.000Z,US-Seg,Sevilleta grassland,7,15,2013,7/15/2013 0:00,196
432,34.3623,-106.7019,0.204305083,2013-8-15T00:00:00.000Z,US-Seg,Sevilleta grassland,8,15,2013,8/15/2013 0:00,227
433,34.3623,-106.7019,0.14514263,2013-9-15T00:00:00.000Z,US-Seg,Sevilleta grassland,9,15,2013,9/15/2013 0:00,258
434,34.3623,-106.7019,0.104590349,2013-10-15T00:00:00.000Z,US-Seg,Sevilleta grassland,10,15,2013,10/15/2013 0:00,288
435,34.3623,-106.7019,0.082734227,2013-11-15T00:00:00.000Z,US-Seg,Sevilleta grassland,11,15,2013,11/15/2013 0:00,319
436,34.3623,-106.7019,0.01399774,2014-1-15T00:00:00.000Z,US-Seg,Sevilleta grassland,1,15,2014,1/15/2014 0:00,15
437,34.3623,-106.7019,0.049229074,2014-3-15T00:00:00.000Z,US-Seg,Sevilleta grassland,3,15,2014,3/15/2014 0:00,74
438,34.3623,-106.7019,0.063384324,2014-4-15T00:00:00.000Z,US-Seg,Sevilleta grassland,4,15,2014,4/15/2014 0:00,105
439,34.3623,-106.7019,0.21210812,2014-5-15T00:00:00.000Z,US-Seg,Sevilleta grassland,5,15,2014,5/15/2014 0:00,135
440,34.3623,-106.7019,0.142614484,2014-6-15T00:00:00.000Z,US-Seg,Sevilleta grassland,6,15,2014,6/15/2014 0:00,166
441,34.3623,-106.7019,0.072204009,2014-7-15T00:00:00.000Z,US-Seg,Sevilleta grassland,7,15,2014,7/15/2014 0:00,196
442,34.3623,-106.7019,0.188343048,2014-8-15T00:00:00.000Z,US-Seg,Sevilleta grassland,8,15,2014,8/15/2014 0:00,227
443,34.3623,-106.7019,0.176489875,2014-9-15T00:00:00.000Z,US-Seg,Sevilleta grassland,9,15,2014,9/15/2014 0:00,258
444,34.3623,-106.7019,0.129081413,2014-10-15T00:00:00.000Z,US-Seg,Sevilleta grassland,10,15,2014,10/15/2014 0:00,288
445,34.3623,-106.7019,0.087602183,2014-11-15T00:00:00.000Z,US-Seg,Sevilleta grassland,11,15,2014,11/15/2014 0:00,319
446,34.3623,-106.7019,0.092452072,2014-12-15T00:00:00.000Z,US-Seg,Sevilleta grassland,12,15,2014,12/15/2014 0:00,349
447,34.3623,-106.7019,0.046983309,2015-1-15T00:00:00.000Z,US-Seg,Sevilleta grassland,1,15,2015,1/15/2015 0:00,15
448,34.3623,-106.7019,0.079245523,2015-2-15T00:00:00.000Z,US-Seg,Sevilleta grassland,2,15,2015,2/15/2015 0:00,46
449,34.3623,-106.7019,0.029142594,2015-3-15T00:00:00.000Z,US-Seg,Sevilleta grassland,3,15,2015,3/15/2015 0:00,74
450,34.3623,-106.7019,0.097096138,2015-4-15T00:00:00.000Z,US-Seg,Sevilleta grassland,4,15,2015,4/15/2015 0:00,105
451,34.3623,-106.7019,0.059823211,2015-5-15T00:00:00.000Z,US-Seg,Sevilleta grassland,5,15,2015,5/15/2015 0:00,135
452,34.3623,-106.7019,0.154148012,2015-6-15T00:00:00.000Z,US-Seg,Sevilleta grassland,6,15,2015,6/15/2015 0:00,166
453,34.3623,-106.7019,0.140344605,2015-7-15T00:00:00.000Z,US-Seg,Sevilleta grassland,7,15,2015,7/15/2015 0:00,196
454,34.3623,-106.7019,0.084633075,2015-8-15T00:00:00.000Z,US-Seg,Sevilleta grassland,8,15,2015,8/15/2015 0:00,227
455,34.3623,-106.7019,0.091059648,2015-9-15T00:00:00.000Z,US-Seg,Sevilleta grassland,9,15,2015,9/15/2015 0:00,258
456,34.3623,-106.7019,0.046890769,2015-10-15T00:00:00.000Z,US-Seg,Sevilleta grassland,10,15,2015,10/15/2015 0:00,288
457,34.3623,-106.7019,0.107521348,2015-11-15T00:00:00.000Z,US-Seg,Sevilleta grassland,11,15,2015,11/15/2015 0:00,319
458,34.3623,-106.7019,0.011999375,2015-12-15T00:00:00.000Z,US-Seg,Sevilleta grassland,12,15,2015,12/15/2015 0:00,349
459,34.3623,-106.7019,0.027253712,2016-3-15T00:00:00.000Z,US-Seg,Sevilleta grassland,3,15,2016,3/15/2016 0:00,75
460,34.3623,-106.7019,0.143325254,2016-4-15T00:00:00.000Z,US-Seg,Sevilleta grassland,4,15,2016,4/15/2016 0:00,106
461,34.3623,-106.7019,0.04655309,2016-5-15T00:00:00.000Z,US-Seg,Sevilleta grassland,5,15,2016,5/15/2016 0:00,136
462,34.3623,-106.7019,0.046414729,2016-6-15T00:00:00.000Z,US-Seg,Sevilleta grassland,6,15,2016,6/15/2016 0:00,167
463,34.3623,-106.7019,0.046046745,2016-7-15T00:00:00.000Z,US-Seg,Sevilleta grassland,7,15,2016,7/15/2016 0:00,197
464,34.3623,-106.7019,0.107956067,2016-8-15T00:00:00.000Z,US-Seg,Sevilleta grassland,8,15,2016,8/15/2016 0:00,228
465,34.3623,-106.7019,0.166731313,2016-9-15T00:00:00.000Z,US-Seg,Sevilleta grassland,9,15,2016,9/15/2016 0:00,259
466,34.3623,-106.7019,0.051044349,2016-10-15T00:00:00.000Z,US-Seg,Sevilleta grassland,10,15,2016,10/15/2016 0:00,289
467,34.3623,-106.7019,0.048414946,2017-2-15T00:00:00.000Z,US-Seg,Sevilleta grassland,2,15,2017,2/15/2017 0:00,46
468,34.3623,-106.7019,0.050499659,2017-3-15T00:00:00.000Z,US-Seg,Sevilleta grassland,3,15,2017,3/15/2017 0:00,74
469,34.3623,-106.7019,0.049927123,2017-4-15T00:00:00.000Z,US-Seg,Sevilleta grassland,4,15,2017,4/15/2017 0:00,105
470,34.3623,-106.7019,0.148629695,2017-5-15T00:00:00.000Z,US-Seg,Sevilleta grassland,5,15,2017,5/15/2017 0:00,135
471,34.3623,-106.7019,0.079035215,2017-6-15T00:00:00.000Z,US-Seg,Sevilleta grassland,6,15,2017,6/15/2017 0:00,166
472,34.3623,-106.7019,0.125319451,2017-7-15T00:00:00.000Z,US-Seg,Sevilleta grassland,7,15,2017,7/15/2017 0:00,196
473,34.3623,-106.7019,0.007093583,2017-8-15T00:00:00.000Z,US-Seg,Sevilleta grassland,8,15,2017,8/15/2017 0:00,227
474,34.3623,-106.7019,0.020756405,2017-9-15T00:00:00.000Z,US-Seg,Sevilleta grassland,9,15,2017,9/15/2017 0:00,258
475,34.3623,-106.7019,0.037180018,2017-10-15T00:00:00.000Z,US-Seg,Sevilleta grassland,10,15,2017,10/15/2017 0:00,288
476,34.3623,-106.7019,0.069741301,2017-11-15T00:00:00.000Z,US-Seg,Sevilleta grassland,11,15,2017,11/15/2017 0:00,319
477,34.3623,-106.7019,0.030463243,2017-12-15T00:00:00.000Z,US-Seg,Sevilleta grassland,12,15,2017,12/15/2017 0:00,349
478,38.4133,-120.9507,0.087467492,2007-1-15T00:00:00.000Z,US-Var,Vaira Ranch,1,15,2007,1/15/2007 0:00,15
479,38.4133,-120.9507,0.173567578,2007-2-15T00:00:00.000Z,US-Var,Vaira Ranch,2,15,2007,2/15/2007 0:00,46
480,38.4133,-120.9507,0.393346697,2007-3-15T00:00:00.000Z,US-Var,Vaira Ranch,3,15,2007,3/15/2007 0:00,74
481,38.4133,-120.9507,0.533192217,2007-4-15T00:00:00.000Z,US-Var,Vaira Ranch,4,15,2007,4/15/2007 0:00,105
482,38.4133,-120.9507,0.460072815,2007-5-15T00:00:00.000Z,US-Var,Vaira Ranch,5,15,2007,5/15/2007 0:00,135
483,38.4133,-120.9507,0.393786669,2007-6-15T00:00:00.000Z,US-Var,Vaira Ranch,6,15,2007,6/15/2007 0:00,166
484,38.4133,-120.9507,0.386905938,2007-7-15T00:00:00.000Z,US-Var,Vaira Ranch,7,15,2007,7/15/2007 0:00,196
485,38.4133,-120.9507,0.235612229,2007-8-15T00:00:00.000Z,US-Var,Vaira Ranch,8,15,2007,8/15/2007 0:00,227
486,38.4133,-120.9507,0.190732136,2007-9-15T00:00:00.000Z,US-Var,Vaira Ranch,9,15,2007,9/15/2007 0:00,258
487,38.4133,-120.9507,0.178054854,2007-10-15T00:00:00.000Z,US-Var,Vaira Ranch,10,15,2007,10/15/2007 0:00,288
488,38.4133,-120.9507,0.069856703,2007-11-15T00:00:00.000Z,US-Var,Vaira Ranch,11,15,2007,11/15/2007 0:00,319
489,38.4133,-120.9507,0.142668471,2007-12-15T00:00:00.000Z,US-Var,Vaira Ranch,12,15,2007,12/15/2007 0:00,349
490,38.4133,-120.9507,0.061202694,2008-1-15T00:00:00.000Z,US-Var,Vaira Ranch,1,15,2008,1/15/2008 0:00,15
491,38.4133,-120.9507,0.214238301,2008-2-15T00:00:00.000Z,US-Var,Vaira Ranch,2,15,2008,2/15/2008 0:00,46
492,38.4133,-120.9507,0.321246445,2008-3-15T00:00:00.000Z,US-Var,Vaira Ranch,3,15,2008,3/15/2008 0:00,75
493,38.4133,-120.9507,0.376605123,2008-4-15T00:00:00.000Z,US-Var,Vaira Ranch,4,15,2008,4/15/2008 0:00,106
494,38.4133,-120.9507,0.303399563,2008-5-15T00:00:00.000Z,US-Var,Vaira Ranch,5,15,2008,5/15/2008 0:00,136
495,38.4133,-120.9507,0.295178145,2008-6-15T00:00:00.000Z,US-Var,Vaira Ranch,6,15,2008,6/15/2008 0:00,167
496,38.4133,-120.9507,0.287678421,2008-7-15T00:00:00.000Z,US-Var,Vaira Ranch,7,15,2008,7/15/2008 0:00,197
497,38.4133,-120.9507,0.298232496,2008-8-15T00:00:00.000Z,US-Var,Vaira Ranch,8,15,2008,8/15/2008 0:00,228
498,38.4133,-120.9507,0.154619962,2008-9-15T00:00:00.000Z,US-Var,Vaira Ranch,9,15,2008,9/15/2008 0:00,259
499,38.4133,-120.9507,0.190254018,2008-10-15T00:00:00.000Z,US-Var,Vaira Ranch,10,15,2008,10/15/2008 0:00,289
500,38.4133,-120.9507,0.127161577,2008-11-15T00:00:00.000Z,US-Var,Vaira Ranch,11,15,2008,11/15/2008 0:00,320
501,38.4133,-120.9507,0.102957323,2008-12-15T00:00:00.000Z,US-Var,Vaira Ranch,12,15,2008,12/15/2008 0:00,350
502,38.4133,-120.9507,0.007571991,2009-1-15T00:00:00.000Z,US-Var,Vaira Ranch,1,15,2009,1/15/2009 0:00,15
503,38.4133,-120.9507,0.211170658,2009-2-15T00:00:00.000Z,US-Var,Vaira Ranch,2,15,2009,2/15/2009 0:00,46
504,38.4133,-120.9507,0.396366,2009-3-15T00:00:00.000Z,US-Var,Vaira Ranch,3,15,2009,3/15/2009 0:00,74
505,38.4133,-120.9507,0.458949387,2009-4-15T00:00:00.000Z,US-Var,Vaira Ranch,4,15,2009,4/15/2009 0:00,105
506,38.4133,-120.9507,0.397426426,2009-5-15T00:00:00.000Z,US-Var,Vaira Ranch,5,15,2009,5/15/2009 0:00,135
507,38.4133,-120.9507,0.261240214,2009-6-15T00:00:00.000Z,US-Var,Vaira Ranch,6,15,2009,6/15/2009 0:00,166
508,38.4133,-120.9507,0.379874736,2009-7-15T00:00:00.000Z,US-Var,Vaira Ranch,7,15,2009,7/15/2009 0:00,196
509,38.4133,-120.9507,0.287323207,2009-8-15T00:00:00.000Z,US-Var,Vaira Ranch,8,15,2009,8/15/2009 0:00,227
510,38.4133,-120.9507,0.281543314,2009-9-15T00:00:00.000Z,US-Var,Vaira Ranch,9,15,2009,9/15/2009 0:00,258
511,38.4133,-120.9507,0.084391393,2009-10-15T00:00:00.000Z,US-Var,Vaira Ranch,10,15,2009,10/15/2009 0:00,288
512,38.4133,-120.9507,0.080062576,2009-11-15T00:00:00.000Z,US-Var,Vaira Ranch,11,15,2009,11/15/2009 0:00,319
513,38.4133,-120.9507,0.129465967,2009-12-15T00:00:00.000Z,US-Var,Vaira Ranch,12,15,2009,12/15/2009 0:00,349
514,38.4133,-120.9507,0.126717329,2010-1-15T00:00:00.000Z,US-Var,Vaira Ranch,1,15,2010,1/15/2010 0:00,15
515,38.4133,-120.9507,0.191781253,2010-2-15T00:00:00.000Z,US-Var,Vaira Ranch,2,15,2010,2/15/2010 0:00,46
516,38.4133,-120.9507,0.376880407,2010-3-15T00:00:00.000Z,US-Var,Vaira Ranch,3,15,2010,3/15/2010 0:00,74
517,38.4133,-120.9507,0.458825588,2010-4-15T00:00:00.000Z,US-Var,Vaira Ranch,4,15,2010,4/15/2010 0:00,105
518,38.4133,-120.9507,0.535653055,2010-5-15T00:00:00.000Z,US-Var,Vaira Ranch,5,15,2010,5/15/2010 0:00,135
519,38.4133,-120.9507,0.400133342,2010-6-15T00:00:00.000Z,US-Var,Vaira Ranch,6,15,2010,6/15/2010 0:00,166
520,38.4133,-120.9507,0.362507373,2010-7-15T00:00:00.000Z,US-Var,Vaira Ranch,7,15,2010,7/15/2010 0:00,196
521,38.4133,-120.9507,0.301561624,2010-8-15T00:00:00.000Z,US-Var,Vaira Ranch,8,15,2010,8/15/2010 0:00,227
522,38.4133,-120.9507,0.215693101,2010-9-15T00:00:00.000Z,US-Var,Vaira Ranch,9,15,2010,9/15/2010 0:00,258
523,38.4133,-120.9507,0.142097682,2010-10-15T00:00:00.000Z,US-Var,Vaira Ranch,10,15,2010,10/15/2010 0:00,288
524,38.4133,-120.9507,0.171111301,2010-11-15T00:00:00.000Z,US-Var,Vaira Ranch,11,15,2010,11/15/2010 0:00,319
525,38.4133,-120.9507,0.138256654,2010-12-15T00:00:00.000Z,US-Var,Vaira Ranch,12,15,2010,12/15/2010 0:00,349
526,38.4133,-120.9507,0.174848795,2011-1-15T00:00:00.000Z,US-Var,Vaira Ranch,1,15,2011,1/15/2011 0:00,15
527,38.4133,-120.9507,0.167564675,2011-2-15T00:00:00.000Z,US-Var,Vaira Ranch,2,15,2011,2/15/2011 0:00,46
528,38.4133,-120.9507,0.294546217,2011-3-15T00:00:00.000Z,US-Var,Vaira Ranch,3,15,2011,3/15/2011 0:00,74
529,38.4133,-120.9507,0.466080934,2011-4-15T00:00:00.000Z,US-Var,Vaira Ranch,4,15,2011,4/15/2011 0:00,105
530,38.4133,-120.9507,0.442037433,2011-5-15T00:00:00.000Z,US-Var,Vaira Ranch,5,15,2011,5/15/2011 0:00,135
531,38.4133,-120.9507,0.47101894,2011-6-15T00:00:00.000Z,US-Var,Vaira Ranch,6,15,2011,6/15/2011 0:00,166
532,38.4133,-120.9507,0.358047992,2011-7-15T00:00:00.000Z,US-Var,Vaira Ranch,7,15,2011,7/15/2011 0:00,196
533,38.4133,-120.9507,0.292411417,2011-8-15T00:00:00.000Z,US-Var,Vaira Ranch,8,15,2011,8/15/2011 0:00,227
534,38.4133,-120.9507,0.250623554,2011-9-15T00:00:00.000Z,US-Var,Vaira Ranch,9,15,2011,9/15/2011 0:00,258
535,38.4133,-120.9507,0.215273902,2011-10-15T00:00:00.000Z,US-Var,Vaira Ranch,10,15,2011,10/15/2011 0:00,288
536,38.4133,-120.9507,0.133018002,2011-11-15T00:00:00.000Z,US-Var,Vaira Ranch,11,15,2011,11/15/2011 0:00,319
537,38.4133,-120.9507,0.004435024,2011-12-15T00:00:00.000Z,US-Var,Vaira Ranch,12,15,2011,12/15/2011 0:00,349
538,38.4133,-120.9507,0.118635871,2012-1-15T00:00:00.000Z,US-Var,Vaira Ranch,1,15,2012,1/15/2012 0:00,15
539,38.4133,-120.9507,0.105918303,2012-2-15T00:00:00.000Z,US-Var,Vaira Ranch,2,15,2012,2/15/2012 0:00,46
540,38.4133,-120.9507,0.146417275,2012-3-15T00:00:00.000Z,US-Var,Vaira Ranch,3,15,2012,3/15/2012 0:00,75
541,38.4133,-120.9507,0.42612648,2012-4-15T00:00:00.000Z,US-Var,Vaira Ranch,4,15,2012,4/15/2012 0:00,106
542,38.4133,-120.9507,0.344742149,2012-5-15T00:00:00.000Z,US-Var,Vaira Ranch,5,15,2012,5/15/2012 0:00,136
543,38.4133,-120.9507,0.28175813,2012-6-15T00:00:00.000Z,US-Var,Vaira Ranch,6,15,2012,6/15/2012 0:00,167
544,38.4133,-120.9507,0.256891072,2012-7-15T00:00:00.000Z,US-Var,Vaira Ranch,7,15,2012,7/15/2012 0:00,197
545,38.4133,-120.9507,0.349531442,2012-8-15T00:00:00.000Z,US-Var,Vaira Ranch,8,15,2012,8/15/2012 0:00,228
546,38.4133,-120.9507,0.105306223,2012-9-15T00:00:00.000Z,US-Var,Vaira Ranch,9,15,2012,9/15/2012 0:00,259
547,38.4133,-120.9507,0.20503363,2012-10-15T00:00:00.000Z,US-Var,Vaira Ranch,10,15,2012,10/15/2012 0:00,289
548,38.4133,-120.9507,0.114933133,2012-11-15T00:00:00.000Z,US-Var,Vaira Ranch,11,15,2012,11/15/2012 0:00,320
549,38.4133,-120.9507,0.121447526,2012-12-15T00:00:00.000Z,US-Var,Vaira Ranch,12,15,2012,12/15/2012 0:00,350
550,38.4133,-120.9507,0.105335325,2013-1-15T00:00:00.000Z,US-Var,Vaira Ranch,1,15,2013,1/15/2013 0:00,15
551,38.4133,-120.9507,0.192283779,2013-2-15T00:00:00.000Z,US-Var,Vaira Ranch,2,15,2013,2/15/2013 0:00,46
552,38.4133,-120.9507,0.351252258,2013-3-15T00:00:00.000Z,US-Var,Vaira Ranch,3,15,2013,3/15/2013 0:00,74
553,38.4133,-120.9507,0.361328185,2013-4-15T00:00:00.000Z,US-Var,Vaira Ranch,4,15,2013,4/15/2013 0:00,105
554,38.4133,-120.9507,0.326501012,2013-5-15T00:00:00.000Z,US-Var,Vaira Ranch,5,15,2013,5/15/2013 0:00,135
555,38.4133,-120.9507,0.504461288,2013-6-15T00:00:00.000Z,US-Var,Vaira Ranch,6,15,2013,6/15/2013 0:00,166
556,38.4133,-120.9507,0.336035699,2013-7-15T00:00:00.000Z,US-Var,Vaira Ranch,7,15,2013,7/15/2013 0:00,196
557,38.4133,-120.9507,0.136366501,2013-8-15T00:00:00.000Z,US-Var,Vaira Ranch,8,15,2013,8/15/2013 0:00,227
558,38.4133,-120.9507,0.154919684,2013-9-15T00:00:00.000Z,US-Var,Vaira Ranch,9,15,2013,9/15/2013 0:00,258
559,38.4133,-120.9507,0.095701508,2013-10-15T00:00:00.000Z,US-Var,Vaira Ranch,10,15,2013,10/15/2013 0:00,288
560,38.4133,-120.9507,0.130301476,2013-11-15T00:00:00.000Z,US-Var,Vaira Ranch,11,15,2013,11/15/2013 0:00,319
561,38.4133,-120.9507,0.021602217,2013-12-15T00:00:00.000Z,US-Var,Vaira Ranch,12,15,2013,12/15/2013 0:00,349
562,38.4133,-120.9507,0.06721738,2014-1-15T00:00:00.000Z,US-Var,Vaira Ranch,1,15,2014,1/15/2014 0:00,15
563,38.4133,-120.9507,0.171938643,2014-2-15T00:00:00.000Z,US-Var,Vaira Ranch,2,15,2014,2/15/2014 0:00,46
564,38.4133,-120.9507,0.417900592,2014-3-15T00:00:00.000Z,US-Var,Vaira Ranch,3,15,2014,3/15/2014 0:00,74
565,38.4133,-120.9507,0.457252562,2014-4-15T00:00:00.000Z,US-Var,Vaira Ranch,4,15,2014,4/15/2014 0:00,105
566,38.4133,-120.9507,0.302001983,2014-5-15T00:00:00.000Z,US-Var,Vaira Ranch,5,15,2014,5/15/2014 0:00,135
567,38.4133,-120.9507,0.35383442,2014-6-15T00:00:00.000Z,US-Var,Vaira Ranch,6,15,2014,6/15/2014 0:00,166
568,38.4133,-120.9507,0.224256113,2014-7-15T00:00:00.000Z,US-Var,Vaira Ranch,7,15,2014,7/15/2014 0:00,196
569,38.4133,-120.9507,0.162938386,2014-8-15T00:00:00.000Z,US-Var,Vaira Ranch,8,15,2014,8/15/2014 0:00,227
570,38.4133,-120.9507,0.138372913,2014-9-15T00:00:00.000Z,US-Var,Vaira Ranch,9,15,2014,9/15/2014 0:00,258
571,38.4133,-120.9507,0.1191599,2014-10-15T00:00:00.000Z,US-Var,Vaira Ranch,10,15,2014,10/15/2014 0:00,288
572,38.4133,-120.9507,0.129003152,2014-11-15T00:00:00.000Z,US-Var,Vaira Ranch,11,15,2014,11/15/2014 0:00,319
573,38.4133,-120.9507,0.091048159,2014-12-15T00:00:00.000Z,US-Var,Vaira Ranch,12,15,2014,12/15/2014 0:00,349
574,38.4133,-120.9507,0.128501281,2015-1-15T00:00:00.000Z,US-Var,Vaira Ranch,1,15,2015,1/15/2015 0:00,15
575,38.4133,-120.9507,0.271834135,2015-2-15T00:00:00.000Z,US-Var,Vaira Ranch,2,15,2015,2/15/2015 0:00,46
576,38.4133,-120.9507,0.39507392,2015-3-15T00:00:00.000Z,US-Var,Vaira Ranch,3,15,2015,3/15/2015 0:00,74
577,38.4133,-120.9507,0.307377756,2015-4-15T00:00:00.000Z,US-Var,Vaira Ranch,4,15,2015,4/15/2015 0:00,105
578,38.4133,-120.9507,0.251362771,2015-5-15T00:00:00.000Z,US-Var,Vaira Ranch,5,15,2015,5/15/2015 0:00,135
579,38.4133,-120.9507,0.331913501,2015-6-15T00:00:00.000Z,US-Var,Vaira Ranch,6,15,2015,6/15/2015 0:00,166
580,38.4133,-120.9507,0.221318275,2015-7-15T00:00:00.000Z,US-Var,Vaira Ranch,7,15,2015,7/15/2015 0:00,196
581,38.4133,-120.9507,0.226398155,2015-8-15T00:00:00.000Z,US-Var,Vaira Ranch,8,15,2015,8/15/2015 0:00,227
582,38.4133,-120.9507,0.191190958,2015-9-15T00:00:00.000Z,US-Var,Vaira Ranch,9,15,2015,9/15/2015 0:00,258
583,38.4133,-120.9507,0.017505724,2015-10-15T00:00:00.000Z,US-Var,Vaira Ranch,10,15,2015,10/15/2015 0:00,288
584,38.4133,-120.9507,0.062820219,2015-11-15T00:00:00.000Z,US-Var,Vaira Ranch,11,15,2015,11/15/2015 0:00,319
585,38.4133,-120.9507,0.03245515,2015-12-15T00:00:00.000Z,US-Var,Vaira Ranch,12,15,2015,12/15/2015 0:00,349
586,38.4133,-120.9507,0.103262641,2016-1-15T00:00:00.000Z,US-Var,Vaira Ranch,1,15,2016,1/15/2016 0:00,15
587,38.4133,-120.9507,0.198410392,2016-2-15T00:00:00.000Z,US-Var,Vaira Ranch,2,15,2016,2/15/2016 0:00,46
588,38.4133,-120.9507,0.470056802,2016-3-15T00:00:00.000Z,US-Var,Vaira Ranch,3,15,2016,3/15/2016 0:00,75
589,38.4133,-120.9507,0.341992646,2016-4-15T00:00:00.000Z,US-Var,Vaira Ranch,4,15,2016,4/15/2016 0:00,106
590,38.4133,-120.9507,0.297992378,2016-5-15T00:00:00.000Z,US-Var,Vaira Ranch,5,15,2016,5/15/2016 0:00,136
591,38.4133,-120.9507,0.296946019,2016-6-15T00:00:00.000Z,US-Var,Vaira Ranch,6,15,2016,6/15/2016 0:00,167
592,38.4133,-120.9507,0.247529954,2016-7-15T00:00:00.000Z,US-Var,Vaira Ranch,7,15,2016,7/15/2016 0:00,197
593,38.4133,-120.9507,0.269819081,2016-8-15T00:00:00.000Z,US-Var,Vaira Ranch,8,15,2016,8/15/2016 0:00,228
594,38.4133,-120.9507,0.123271964,2016-9-15T00:00:00.000Z,US-Var,Vaira Ranch,9,15,2016,9/15/2016 0:00,259
595,38.4133,-120.9507,0.146847516,2016-10-15T00:00:00.000Z,US-Var,Vaira Ranch,10,15,2016,10/15/2016 0:00,289
596,38.4133,-120.9507,0.175524935,2016-11-15T00:00:00.000Z,US-Var,Vaira Ranch,11,15,2016,11/15/2016 0:00,320
597,38.4133,-120.9507,0.164286047,2016-12-15T00:00:00.000Z,US-Var,Vaira Ranch,12,15,2016,12/15/2016 0:00,350
598,38.4133,-120.9507,0.200265259,2017-1-15T00:00:00.000Z,US-Var,Vaira Ranch,1,15,2017,1/15/2017 0:00,15
599,38.4133,-120.9507,0.244045332,2017-2-15T00:00:00.000Z,US-Var,Vaira Ranch,2,15,2017,2/15/2017 0:00,46
600,38.4133,-120.9507,0.35266754,2017-3-15T00:00:00.000Z,US-Var,Vaira Ranch,3,15,2017,3/15/2017 0:00,74
601,38.4133,-120.9507,0.500432789,2017-4-15T00:00:00.000Z,US-Var,Vaira Ranch,4,15,2017,4/15/2017 0:00,105
602,38.4133,-120.9507,0.490696996,2017-5-15T00:00:00.000Z,US-Var,Vaira Ranch,5,15,2017,5/15/2017 0:00,135
603,38.4133,-120.9507,0.297246903,2017-6-15T00:00:00.000Z,US-Var,Vaira Ranch,6,15,2017,6/15/2017 0:00,166
604,38.4133,-120.9507,0.305067748,2017-7-15T00:00:00.000Z,US-Var,Vaira Ranch,7,15,2017,7/15/2017 0:00,196
605,38.4133,-120.9507,0.250437647,2017-8-15T00:00:00.000Z,US-Var,Vaira Ranch,8,15,2017,8/15/2017 0:00,227
606,38.4133,-120.9507,0.169096634,2017-9-15T00:00:00.000Z,US-Var,Vaira Ranch,9,15,2017,9/15/2017 0:00,258
607,38.4133,-120.9507,0.136113271,2017-10-15T00:00:00.000Z,US-Var,Vaira Ranch,10,15,2017,10/15/2017 0:00,288
608,38.4133,-120.9507,0.085560322,2017-12-15T00:00:00.000Z,US-Var,Vaira Ranch,12,15,2017,12/15/2017 0:00,349
